Filename,Folder,Subfolder,ImageURL
078f8f88971426ae729d919ce11e6942.jpg,dataset,ML-AR-Chicago School,D:\Real Estate\House_Style_Project\House_style_ML\dataset\ML-AR-Chicago School\078f8f88971426ae729d919ce11e6942.jpg
0df505fa53491a9ac49ba2f00de22f2d.jpg,dataset,ML-AR-Chicago School,D:\Real Estate\House_Style_Project\House_style_ML\dataset\ML-AR-Chicago School\0df505fa53491a9ac49ba2f00de22f2d.jpg
1d66809eff05a23dab38d79ec34777fc.jpg,dataset,ML-AR-Chicago School,D:\Real Estate\House_Style_Project\House_style_ML\dataset\ML-AR-Chicago School\1d66809eff05a23dab38d79ec34777fc.jpg
20c478f272d5d14015eab8170563a454.jpg,dataset,ML-AR-Chicago School,D:\Real Estate\House_Style_Project\House_style_ML\dataset\ML-AR-Chicago School\20c478f272d5d14015eab8170563a454.jpg
3b6b2134568dd116206bf7ff59e7c1bd.jpg,dataset,ML-AR-Chicago School,D:\Real Estate\House_Style_Project\House_style_ML\dataset\ML-AR-Chicago School\3b6b2134568dd116206bf7ff59e7c1bd.jpg
4013de6cc22838cd0ab14fd242ecbd84.jpg,dataset,ML-AR-Chicago School,D:\Real Estate\House_Style_Project\House_style_ML\dataset\ML-AR-Chicago School\4013de6cc22838cd0ab14fd242ecbd84.jpg
53b07aa2b907885a963ba95ee2ae1aa7.jpg,dataset,ML-AR-Chicago School,D:\Real Estate\House_Style_Project\House_style_ML\dataset\ML-AR-Chicago School\53b07aa2b907885a963ba95ee2ae1aa7.jpg
57a48b2cf75cac21cd042d06257d326f.jpg,dataset,ML-AR-Chicago School,D:\Real Estate\House_Style_Project\House_style_ML\dataset\ML-AR-Chicago School\57a48b2cf75cac21cd042d06257d326f.jpg
59a2a02683d3d1264e9a46ae40b2d855.jpg,dataset,ML-AR-Chicago School,D:\Real Estate\House_Style_Project\House_style_ML\dataset\ML-AR-Chicago School\59a2a02683d3d1264e9a46ae40b2d855.jpg
5de08c7cf702f3583ead5ff3ab8b5a89.jpg,dataset,ML-AR-Chicago School,D:\Real Estate\House_Style_Project\House_style_ML\dataset\ML-AR-Chicago School\5de08c7cf702f3583ead5ff3ab8b5a89.jpg
66f81a69579cc7e62683f8bd203b07e7.jpg,dataset,ML-AR-Chicago School,D:\Real Estate\House_Style_Project\House_style_ML\dataset\ML-AR-Chicago School\66f81a69579cc7e62683f8bd203b07e7.jpg
7c8675fe05dee91cb5255caf3e89c0dc.jpg,dataset,ML-AR-Chicago School,D:\Real Estate\House_Style_Project\House_style_ML\dataset\ML-AR-Chicago School\7c8675fe05dee91cb5255caf3e89c0dc.jpg
7dc67da5bedb18b15a53daa8e6312939.jpg,dataset,ML-AR-Chicago School,D:\Real Estate\House_Style_Project\House_style_ML\dataset\ML-AR-Chicago School\7dc67da5bedb18b15a53daa8e6312939.jpg
85e1e2077a3fc93e83c283b5529592d4.jpg,dataset,ML-AR-Chicago School,D:\Real Estate\House_Style_Project\House_style_ML\dataset\ML-AR-Chicago School\85e1e2077a3fc93e83c283b5529592d4.jpg
954a607459fe6c86d449b2e2eca10d8e.jpg,dataset,ML-AR-Chicago School,D:\Real Estate\House_Style_Project\House_style_ML\dataset\ML-AR-Chicago School\954a607459fe6c86d449b2e2eca10d8e.jpg
A-building-by-the-Chicago-School. (1).jpg,dataset,ML-AR-Chicago School,D:\Real Estate\House_Style_Project\House_style_ML\dataset\ML-AR-Chicago School\A-building-by-the-Chicago-School. (1).jpg
A-building-by-the-Chicago-School..jpg,dataset,ML-AR-Chicago School,D:\Real Estate\House_Style_Project\House_style_ML\dataset\ML-AR-Chicago School\A-building-by-the-Chicago-School..jpg
bd2834616a1be37f324740a5b3cdc9ce.jpg,dataset,ML-AR-Chicago School,D:\Real Estate\House_Style_Project\House_style_ML\dataset\ML-AR-Chicago School\bd2834616a1be37f324740a5b3cdc9ce.jpg
c2ab37e782b351baa14808a21f11f59f.jpg,dataset,ML-AR-Chicago School,D:\Real Estate\House_Style_Project\House_style_ML\dataset\ML-AR-Chicago School\c2ab37e782b351baa14808a21f11f59f.jpg
d3f664a0e2135db1a1cadf296afa7fe6.jpg,dataset,ML-AR-Chicago School,D:\Real Estate\House_Style_Project\House_style_ML\dataset\ML-AR-Chicago School\d3f664a0e2135db1a1cadf296afa7fe6.jpg
d949f55b2d46da390c8f5145e7002802.jpg,dataset,ML-AR-Chicago School,D:\Real Estate\House_Style_Project\House_style_ML\dataset\ML-AR-Chicago School\d949f55b2d46da390c8f5145e7002802.jpg
df065de726f939a22a13d09080943725.jpg,dataset,ML-AR-Chicago School,D:\Real Estate\House_Style_Project\House_style_ML\dataset\ML-AR-Chicago School\df065de726f939a22a13d09080943725.jpg
DSC_3953.jpg,dataset,ML-AR-Chicago School,D:\Real Estate\House_Style_Project\House_style_ML\dataset\ML-AR-Chicago School\DSC_3953.jpg
e871176da02698a319b3bed33a30bb64.jpg,dataset,ML-AR-Chicago School,D:\Real Estate\House_Style_Project\House_style_ML\dataset\ML-AR-Chicago School\e871176da02698a319b3bed33a30bb64.jpg
ebdc2ccc586e637d317915ee1d49862f.jpg,dataset,ML-AR-Chicago School,D:\Real Estate\House_Style_Project\House_style_ML\dataset\ML-AR-Chicago School\ebdc2ccc586e637d317915ee1d49862f.jpg
edc1695e44f5855036ec796e1eeaffa0.jpg,dataset,ML-AR-Chicago School,D:\Real Estate\House_Style_Project\House_style_ML\dataset\ML-AR-Chicago School\edc1695e44f5855036ec796e1eeaffa0.jpg
ef8b37a06567a68d6088f8271a898d0d.jpg,dataset,ML-AR-Chicago School,D:\Real Estate\House_Style_Project\House_style_ML\dataset\ML-AR-Chicago School\ef8b37a06567a68d6088f8271a898d0d.jpg
OIP.jpg,dataset,ML-AR-Chicago School,D:\Real Estate\House_Style_Project\House_style_ML\dataset\ML-AR-Chicago School\OIP.jpg
R.jpg,dataset,ML-AR-Chicago School,D:\Real Estate\House_Style_Project\House_style_ML\dataset\ML-AR-Chicago School\R.jpg
019d2669aceeb48cabffaedecee8b9bd.jpg,dataset,ML-AR-Classic,D:\Real Estate\House_Style_Project\House_style_ML\dataset\ML-AR-Classic\019d2669aceeb48cabffaedecee8b9bd.jpg
0239a424aeaf329a4a2d2def5b3494b2.jpg,dataset,ML-AR-Classic,D:\Real Estate\House_Style_Project\House_style_ML\dataset\ML-AR-Classic\0239a424aeaf329a4a2d2def5b3494b2.jpg
0bfde992c25d5e7b22fbe30e4df3ef17.jpg,dataset,ML-AR-Classic,D:\Real Estate\House_Style_Project\House_style_ML\dataset\ML-AR-Classic\0bfde992c25d5e7b22fbe30e4df3ef17.jpg
0e2acae667e954415bafc6efff0ae1d8.jpg,dataset,ML-AR-Classic,D:\Real Estate\House_Style_Project\House_style_ML\dataset\ML-AR-Classic\0e2acae667e954415bafc6efff0ae1d8.jpg
12fcfb41691a143ae38579c82bf7b597.jpg,dataset,ML-AR-Classic,D:\Real Estate\House_Style_Project\House_style_ML\dataset\ML-AR-Classic\12fcfb41691a143ae38579c82bf7b597.jpg
134067d3be21d7415572107486213d46.jpg,dataset,ML-AR-Classic,D:\Real Estate\House_Style_Project\House_style_ML\dataset\ML-AR-Classic\134067d3be21d7415572107486213d46.jpg
13520ec1dc67d6a89bb0ded4996dc0db.jpg,dataset,ML-AR-Classic,D:\Real Estate\House_Style_Project\House_style_ML\dataset\ML-AR-Classic\13520ec1dc67d6a89bb0ded4996dc0db.jpg
2275f2dc500b3a2cb0e19f3bec58cd24.jpg,dataset,ML-AR-Classic,D:\Real Estate\House_Style_Project\House_style_ML\dataset\ML-AR-Classic\2275f2dc500b3a2cb0e19f3bec58cd24.jpg
29d78067aa6d101b8acbc02177a99b36.jpg,dataset,ML-AR-Classic,D:\Real Estate\House_Style_Project\House_style_ML\dataset\ML-AR-Classic\29d78067aa6d101b8acbc02177a99b36.jpg
2d32488b7320bce7223140bc828446a3.jpg,dataset,ML-AR-Classic,D:\Real Estate\House_Style_Project\House_style_ML\dataset\ML-AR-Classic\2d32488b7320bce7223140bc828446a3.jpg
4126ae14a64913faa299f41e0b9a531b.jpg,dataset,ML-AR-Classic,D:\Real Estate\House_Style_Project\House_style_ML\dataset\ML-AR-Classic\4126ae14a64913faa299f41e0b9a531b.jpg
4740834bf7bea61b884c2349e5aa22ae.jpg,dataset,ML-AR-Classic,D:\Real Estate\House_Style_Project\House_style_ML\dataset\ML-AR-Classic\4740834bf7bea61b884c2349e5aa22ae.jpg
4c276693d264ac841180dab27d808c84.jpg,dataset,ML-AR-Classic,D:\Real Estate\House_Style_Project\House_style_ML\dataset\ML-AR-Classic\4c276693d264ac841180dab27d808c84.jpg
4f17346692861d474bed0a2ef8710926.jpg,dataset,ML-AR-Classic,D:\Real Estate\House_Style_Project\House_style_ML\dataset\ML-AR-Classic\4f17346692861d474bed0a2ef8710926.jpg
53a3a347f5e2bf6e6684a3c19ffc41a6.jpg,dataset,ML-AR-Classic,D:\Real Estate\House_Style_Project\House_style_ML\dataset\ML-AR-Classic\53a3a347f5e2bf6e6684a3c19ffc41a6.jpg
5c3aa3246ac476eff280c34b57a027fd.jpg,dataset,ML-AR-Classic,D:\Real Estate\House_Style_Project\House_style_ML\dataset\ML-AR-Classic\5c3aa3246ac476eff280c34b57a027fd.jpg
6a205195b5377a0170af22f711e3b13f.jpg,dataset,ML-AR-Classic,D:\Real Estate\House_Style_Project\House_style_ML\dataset\ML-AR-Classic\6a205195b5377a0170af22f711e3b13f.jpg
7b6ccdcafa09fd8011e89f395a1eaec5.jpg,dataset,ML-AR-Classic,D:\Real Estate\House_Style_Project\House_style_ML\dataset\ML-AR-Classic\7b6ccdcafa09fd8011e89f395a1eaec5.jpg
7dec8c3c6bf815a148c7cb348c7ae900.jpg,dataset,ML-AR-Classic,D:\Real Estate\House_Style_Project\House_style_ML\dataset\ML-AR-Classic\7dec8c3c6bf815a148c7cb348c7ae900.jpg
8f545c69482c5e45e38692d7a4a094f2.jpg,dataset,ML-AR-Classic,D:\Real Estate\House_Style_Project\House_style_ML\dataset\ML-AR-Classic\8f545c69482c5e45e38692d7a4a094f2.jpg
8fc7183057f82e730c4e16d0e242c034.jpg,dataset,ML-AR-Classic,D:\Real Estate\House_Style_Project\House_style_ML\dataset\ML-AR-Classic\8fc7183057f82e730c4e16d0e242c034.jpg
9fc48fee05b4ebff976d7bfaa96cbaab.jpg,dataset,ML-AR-Classic,D:\Real Estate\House_Style_Project\House_style_ML\dataset\ML-AR-Classic\9fc48fee05b4ebff976d7bfaa96cbaab.jpg
bca21c22accd863841bef433f1bb2f12.jpg,dataset,ML-AR-Classic,D:\Real Estate\House_Style_Project\House_style_ML\dataset\ML-AR-Classic\bca21c22accd863841bef433f1bb2f12.jpg
bd83df37a73f48503b259e18bd88be86.jpg,dataset,ML-AR-Classic,D:\Real Estate\House_Style_Project\House_style_ML\dataset\ML-AR-Classic\bd83df37a73f48503b259e18bd88be86.jpg
c68e80770b45d2be93f0736c199751f7.jpg,dataset,ML-AR-Classic,D:\Real Estate\House_Style_Project\House_style_ML\dataset\ML-AR-Classic\c68e80770b45d2be93f0736c199751f7.jpg
eb730bb90376019da8c1868e44add1f1.jpg,dataset,ML-AR-Classic,D:\Real Estate\House_Style_Project\House_style_ML\dataset\ML-AR-Classic\eb730bb90376019da8c1868e44add1f1.jpg
ebb25a6f31f7aece151fc529021ce305.jpg,dataset,ML-AR-Classic,D:\Real Estate\House_Style_Project\House_style_ML\dataset\ML-AR-Classic\ebb25a6f31f7aece151fc529021ce305.jpg
f5c26fb43eb8e836e027cea1190e2f47.jpg,dataset,ML-AR-Classic,D:\Real Estate\House_Style_Project\House_style_ML\dataset\ML-AR-Classic\f5c26fb43eb8e836e027cea1190e2f47.jpg
fba894c8bd2fda389eeb497b3b63b792.jpg,dataset,ML-AR-Classic,D:\Real Estate\House_Style_Project\House_style_ML\dataset\ML-AR-Classic\fba894c8bd2fda389eeb497b3b63b792.jpg
0393e5ac9134ac35e637785a9bc200b3.jpg,dataset,ML-AR-COLONIAL,D:\Real Estate\House_Style_Project\House_style_ML\dataset\ML-AR-COLONIAL\0393e5ac9134ac35e637785a9bc200b3.jpg
046b8ae53ddcaa1ee95a788450b1751a.jpg,dataset,ML-AR-COLONIAL,D:\Real Estate\House_Style_Project\House_style_ML\dataset\ML-AR-COLONIAL\046b8ae53ddcaa1ee95a788450b1751a.jpg
08aa994b04a4e98d9fe211b88106abb6.jpg,dataset,ML-AR-COLONIAL,D:\Real Estate\House_Style_Project\House_style_ML\dataset\ML-AR-COLONIAL\08aa994b04a4e98d9fe211b88106abb6.jpg
1c6f1019104d7e4d49bb4254121c8ea1.jpg,dataset,ML-AR-COLONIAL,D:\Real Estate\House_Style_Project\House_style_ML\dataset\ML-AR-COLONIAL\1c6f1019104d7e4d49bb4254121c8ea1.jpg
25953832c9a2997310773c6cc1d30727.jpg,dataset,ML-AR-COLONIAL,D:\Real Estate\House_Style_Project\House_style_ML\dataset\ML-AR-COLONIAL\25953832c9a2997310773c6cc1d30727.jpg
28d3a837843aff8ddead05c52b16b9ea.jpg,dataset,ML-AR-COLONIAL,D:\Real Estate\House_Style_Project\House_style_ML\dataset\ML-AR-COLONIAL\28d3a837843aff8ddead05c52b16b9ea.jpg
2901a39e7b3f01074990857bf6a36b3d.jpg,dataset,ML-AR-COLONIAL,D:\Real Estate\House_Style_Project\House_style_ML\dataset\ML-AR-COLONIAL\2901a39e7b3f01074990857bf6a36b3d.jpg
290578c805095089e38a9c5b48ad44b1.jpg,dataset,ML-AR-COLONIAL,D:\Real Estate\House_Style_Project\House_style_ML\dataset\ML-AR-COLONIAL\290578c805095089e38a9c5b48ad44b1.jpg
39a166ee4fb4e5736d7c2fb9ac0d48bf.jpg,dataset,ML-AR-COLONIAL,D:\Real Estate\House_Style_Project\House_style_ML\dataset\ML-AR-COLONIAL\39a166ee4fb4e5736d7c2fb9ac0d48bf.jpg
47f1c5299a217f26c5b4da209a816506.jpg,dataset,ML-AR-COLONIAL,D:\Real Estate\House_Style_Project\House_style_ML\dataset\ML-AR-COLONIAL\47f1c5299a217f26c5b4da209a816506.jpg
5e4fccfadc2aa5f45853067376f6e03a.jpg,dataset,ML-AR-COLONIAL,D:\Real Estate\House_Style_Project\House_style_ML\dataset\ML-AR-COLONIAL\5e4fccfadc2aa5f45853067376f6e03a.jpg
63208dd1613097195c5c76d54482154a.jpg,dataset,ML-AR-COLONIAL,D:\Real Estate\House_Style_Project\House_style_ML\dataset\ML-AR-COLONIAL\63208dd1613097195c5c76d54482154a.jpg
67ee55ad803196f6fce7e5b2f3a7eb5d.jpg,dataset,ML-AR-COLONIAL,D:\Real Estate\House_Style_Project\House_style_ML\dataset\ML-AR-COLONIAL\67ee55ad803196f6fce7e5b2f3a7eb5d.jpg
707ff29279460c1d472d876b916ba25b.jpg,dataset,ML-AR-COLONIAL,D:\Real Estate\House_Style_Project\House_style_ML\dataset\ML-AR-COLONIAL\707ff29279460c1d472d876b916ba25b.jpg
7c54e4d32316bea6d23726e40199862e.jpg,dataset,ML-AR-COLONIAL,D:\Real Estate\House_Style_Project\House_style_ML\dataset\ML-AR-COLONIAL\7c54e4d32316bea6d23726e40199862e.jpg
83ec6775a3c731448c665b6d58ffc89b.jpg,dataset,ML-AR-COLONIAL,D:\Real Estate\House_Style_Project\House_style_ML\dataset\ML-AR-COLONIAL\83ec6775a3c731448c665b6d58ffc89b.jpg
859d2264818c4e2f94ddc306c52fb4ee.jpg,dataset,ML-AR-COLONIAL,D:\Real Estate\House_Style_Project\House_style_ML\dataset\ML-AR-COLONIAL\859d2264818c4e2f94ddc306c52fb4ee.jpg
8a2de2fbc7ca6f5d21fef04d0776a3d2.jpg,dataset,ML-AR-COLONIAL,D:\Real Estate\House_Style_Project\House_style_ML\dataset\ML-AR-COLONIAL\8a2de2fbc7ca6f5d21fef04d0776a3d2.jpg
954274d09d6ed387a92c11eed167e8be.jpg,dataset,ML-AR-COLONIAL,D:\Real Estate\House_Style_Project\House_style_ML\dataset\ML-AR-COLONIAL\954274d09d6ed387a92c11eed167e8be.jpg
ae90c835adb1e9a4650dc92fed1aa81e.jpg,dataset,ML-AR-COLONIAL,D:\Real Estate\House_Style_Project\House_style_ML\dataset\ML-AR-COLONIAL\ae90c835adb1e9a4650dc92fed1aa81e.jpg
b051910436fdeddd4770f517d2227664.jpg,dataset,ML-AR-COLONIAL,D:\Real Estate\House_Style_Project\House_style_ML\dataset\ML-AR-COLONIAL\b051910436fdeddd4770f517d2227664.jpg
b076ba9de721aedb958fe69c3c7e8014.jpg,dataset,ML-AR-COLONIAL,D:\Real Estate\House_Style_Project\House_style_ML\dataset\ML-AR-COLONIAL\b076ba9de721aedb958fe69c3c7e8014.jpg
b19ff434f059ee87441b4f9fd49409b2.jpg,dataset,ML-AR-COLONIAL,D:\Real Estate\House_Style_Project\House_style_ML\dataset\ML-AR-COLONIAL\b19ff434f059ee87441b4f9fd49409b2.jpg
b35da702322902ebbe9881ea0d171298.jpg,dataset,ML-AR-COLONIAL,D:\Real Estate\House_Style_Project\House_style_ML\dataset\ML-AR-COLONIAL\b35da702322902ebbe9881ea0d171298.jpg
bea7b70a1866d0081031272856b89755.jpg,dataset,ML-AR-COLONIAL,D:\Real Estate\House_Style_Project\House_style_ML\dataset\ML-AR-COLONIAL\bea7b70a1866d0081031272856b89755.jpg
bf277f61fcace15d27bff603256bc6f3.jpg,dataset,ML-AR-COLONIAL,D:\Real Estate\House_Style_Project\House_style_ML\dataset\ML-AR-COLONIAL\bf277f61fcace15d27bff603256bc6f3.jpg
c18a7d14a00f98413abe29ee4b1d5a41.jpg,dataset,ML-AR-COLONIAL,D:\Real Estate\House_Style_Project\House_style_ML\dataset\ML-AR-COLONIAL\c18a7d14a00f98413abe29ee4b1d5a41.jpg
cc1fb64822527ba290bbe117c728efc5.jpg,dataset,ML-AR-COLONIAL,D:\Real Estate\House_Style_Project\House_style_ML\dataset\ML-AR-COLONIAL\cc1fb64822527ba290bbe117c728efc5.jpg
d2cf5286cd5b6fac8a5c757e8c09ab7f.jpg,dataset,ML-AR-COLONIAL,D:\Real Estate\House_Style_Project\House_style_ML\dataset\ML-AR-COLONIAL\d2cf5286cd5b6fac8a5c757e8c09ab7f.jpg
026e79b2568599175e10a8398ad3c83d.jpg,dataset,ML-AR-MEDITERRANEAN,D:\Real Estate\House_Style_Project\House_style_ML\dataset\ML-AR-MEDITERRANEAN\026e79b2568599175e10a8398ad3c83d.jpg
19458660cfae7eb0020098e88a0a76e7.jpg,dataset,ML-AR-MEDITERRANEAN,D:\Real Estate\House_Style_Project\House_style_ML\dataset\ML-AR-MEDITERRANEAN\19458660cfae7eb0020098e88a0a76e7.jpg
1c04c43b60952108b0777c82e4b3b59c.jpg,dataset,ML-AR-MEDITERRANEAN,D:\Real Estate\House_Style_Project\House_style_ML\dataset\ML-AR-MEDITERRANEAN\1c04c43b60952108b0777c82e4b3b59c.jpg
228a512e820824fab110fd61045a7ee4.jpg,dataset,ML-AR-MEDITERRANEAN,D:\Real Estate\House_Style_Project\House_style_ML\dataset\ML-AR-MEDITERRANEAN\228a512e820824fab110fd61045a7ee4.jpg
2c813d38691243979cf84519b98f5859.jpg,dataset,ML-AR-MEDITERRANEAN,D:\Real Estate\House_Style_Project\House_style_ML\dataset\ML-AR-MEDITERRANEAN\2c813d38691243979cf84519b98f5859.jpg
3729e282da05c6fd4fd8b2d2ee5ab7c6.jpg,dataset,ML-AR-MEDITERRANEAN,D:\Real Estate\House_Style_Project\House_style_ML\dataset\ML-AR-MEDITERRANEAN\3729e282da05c6fd4fd8b2d2ee5ab7c6.jpg
3a5e3de440a58ed3b5e056c5685d4864.jpg,dataset,ML-AR-MEDITERRANEAN,D:\Real Estate\House_Style_Project\House_style_ML\dataset\ML-AR-MEDITERRANEAN\3a5e3de440a58ed3b5e056c5685d4864.jpg
3b71c06b7f922da0a9bbf6083c3cdaa5.jpg,dataset,ML-AR-MEDITERRANEAN,D:\Real Estate\House_Style_Project\House_style_ML\dataset\ML-AR-MEDITERRANEAN\3b71c06b7f922da0a9bbf6083c3cdaa5.jpg
3f223d7404a7f2f4800e590ba4afbd53.jpg,dataset,ML-AR-MEDITERRANEAN,D:\Real Estate\House_Style_Project\House_style_ML\dataset\ML-AR-MEDITERRANEAN\3f223d7404a7f2f4800e590ba4afbd53.jpg
4373e2a0322c181814c6a07169f722cf.jpg,dataset,ML-AR-MEDITERRANEAN,D:\Real Estate\House_Style_Project\House_style_ML\dataset\ML-AR-MEDITERRANEAN\4373e2a0322c181814c6a07169f722cf.jpg
490c12a7a10cc714c7c42fa65e95c85a.jpg,dataset,ML-AR-MEDITERRANEAN,D:\Real Estate\House_Style_Project\House_style_ML\dataset\ML-AR-MEDITERRANEAN\490c12a7a10cc714c7c42fa65e95c85a.jpg
5536d1c5900a36e2cab1175023b2b7b5.jpg,dataset,ML-AR-MEDITERRANEAN,D:\Real Estate\House_Style_Project\House_style_ML\dataset\ML-AR-MEDITERRANEAN\5536d1c5900a36e2cab1175023b2b7b5.jpg
5f22d08b9dbbdbe4606590aa6d87b546.jpg,dataset,ML-AR-MEDITERRANEAN,D:\Real Estate\House_Style_Project\House_style_ML\dataset\ML-AR-MEDITERRANEAN\5f22d08b9dbbdbe4606590aa6d87b546.jpg
76bb2295b57230a0e53639c82c6eb4ec.jpg,dataset,ML-AR-MEDITERRANEAN,D:\Real Estate\House_Style_Project\House_style_ML\dataset\ML-AR-MEDITERRANEAN\76bb2295b57230a0e53639c82c6eb4ec.jpg
7c5643ececd7a00670a8f2e6f7998372.jpg,dataset,ML-AR-MEDITERRANEAN,D:\Real Estate\House_Style_Project\House_style_ML\dataset\ML-AR-MEDITERRANEAN\7c5643ececd7a00670a8f2e6f7998372.jpg
8e1d2e2d9182072daa0431709b1044eb.jpg,dataset,ML-AR-MEDITERRANEAN,D:\Real Estate\House_Style_Project\House_style_ML\dataset\ML-AR-MEDITERRANEAN\8e1d2e2d9182072daa0431709b1044eb.jpg
8f52f84bf6e90fb3ff1f0a3e9a690818.jpg,dataset,ML-AR-MEDITERRANEAN,D:\Real Estate\House_Style_Project\House_style_ML\dataset\ML-AR-MEDITERRANEAN\8f52f84bf6e90fb3ff1f0a3e9a690818.jpg
95d8a1ea73df9aecfdb8c92ffe07bafc.jpg,dataset,ML-AR-MEDITERRANEAN,D:\Real Estate\House_Style_Project\House_style_ML\dataset\ML-AR-MEDITERRANEAN\95d8a1ea73df9aecfdb8c92ffe07bafc.jpg
9d2d9aaf59afdd9c35728b5e70d86c89.jpg,dataset,ML-AR-MEDITERRANEAN,D:\Real Estate\House_Style_Project\House_style_ML\dataset\ML-AR-MEDITERRANEAN\9d2d9aaf59afdd9c35728b5e70d86c89.jpg
b967467931981010af459d4761b1e806.jpg,dataset,ML-AR-MEDITERRANEAN,D:\Real Estate\House_Style_Project\House_style_ML\dataset\ML-AR-MEDITERRANEAN\b967467931981010af459d4761b1e806.jpg
ba802525f8b714ebc29f0356518c9deb.jpg,dataset,ML-AR-MEDITERRANEAN,D:\Real Estate\House_Style_Project\House_style_ML\dataset\ML-AR-MEDITERRANEAN\ba802525f8b714ebc29f0356518c9deb.jpg
c5500a2946b12c1d3771bbd41cf01f08.jpg,dataset,ML-AR-MEDITERRANEAN,D:\Real Estate\House_Style_Project\House_style_ML\dataset\ML-AR-MEDITERRANEAN\c5500a2946b12c1d3771bbd41cf01f08.jpg
ca50f5fd889264471e5b24471d70be20.jpg,dataset,ML-AR-MEDITERRANEAN,D:\Real Estate\House_Style_Project\House_style_ML\dataset\ML-AR-MEDITERRANEAN\ca50f5fd889264471e5b24471d70be20.jpg
d24813be7137171d6d55d22ed17ef86c.jpg,dataset,ML-AR-MEDITERRANEAN,D:\Real Estate\House_Style_Project\House_style_ML\dataset\ML-AR-MEDITERRANEAN\d24813be7137171d6d55d22ed17ef86c.jpg
d7b455334fd3aa2f2f35cf57b0c97749.jpg,dataset,ML-AR-MEDITERRANEAN,D:\Real Estate\House_Style_Project\House_style_ML\dataset\ML-AR-MEDITERRANEAN\d7b455334fd3aa2f2f35cf57b0c97749.jpg
deb87f02ce290d1d0bb3e3985abbb74b.jpg,dataset,ML-AR-MEDITERRANEAN,D:\Real Estate\House_Style_Project\House_style_ML\dataset\ML-AR-MEDITERRANEAN\deb87f02ce290d1d0bb3e3985abbb74b.jpg
e14b06020dbd646711909f28cc73affd.jpg,dataset,ML-AR-MEDITERRANEAN,D:\Real Estate\House_Style_Project\House_style_ML\dataset\ML-AR-MEDITERRANEAN\e14b06020dbd646711909f28cc73affd.jpg
e38b65d636da2ddca79b96d5c51ab84a.jpg,dataset,ML-AR-MEDITERRANEAN,D:\Real Estate\House_Style_Project\House_style_ML\dataset\ML-AR-MEDITERRANEAN\e38b65d636da2ddca79b96d5c51ab84a.jpg
f0331bd3c054557a674dd3c8ebbb1fff.jpg,dataset,ML-AR-MEDITERRANEAN,D:\Real Estate\House_Style_Project\House_style_ML\dataset\ML-AR-MEDITERRANEAN\f0331bd3c054557a674dd3c8ebbb1fff.jpg
04a4180987ae7c66f79d791994909439.jpg,dataset,ML-AR-MID CENTURY,D:\Real Estate\House_Style_Project\House_style_ML\dataset\ML-AR-MID CENTURY\04a4180987ae7c66f79d791994909439.jpg
0b0e2ad389e5d3328c904aeb03abe8ba.jpg,dataset,ML-AR-MID CENTURY,D:\Real Estate\House_Style_Project\House_style_ML\dataset\ML-AR-MID CENTURY\0b0e2ad389e5d3328c904aeb03abe8ba.jpg
0cbe79efa85a39d070433499b68f24aa (1).jpg,dataset,ML-AR-MID CENTURY,D:\Real Estate\House_Style_Project\House_style_ML\dataset\ML-AR-MID CENTURY\0cbe79efa85a39d070433499b68f24aa (1).jpg
0cbe79efa85a39d070433499b68f24aa.jpg,dataset,ML-AR-MID CENTURY,D:\Real Estate\House_Style_Project\House_style_ML\dataset\ML-AR-MID CENTURY\0cbe79efa85a39d070433499b68f24aa.jpg
2-mid-century-modern-1950s-style-house-with-low-pitch-roof-2.jpg,dataset,ML-AR-MID CENTURY,D:\Real Estate\House_Style_Project\House_style_ML\dataset\ML-AR-MID CENTURY\2-mid-century-modern-1950s-style-house-with-low-pitch-roof-2.jpg
20dcef2b4fadbd43325583a6badef99a.jpg,dataset,ML-AR-MID CENTURY,D:\Real Estate\House_Style_Project\House_style_ML\dataset\ML-AR-MID CENTURY\20dcef2b4fadbd43325583a6badef99a.jpg
2428da0859477d0880ac1bcf8e9588e7.jpg,dataset,ML-AR-MID CENTURY,D:\Real Estate\House_Style_Project\House_style_ML\dataset\ML-AR-MID CENTURY\2428da0859477d0880ac1bcf8e9588e7.jpg
249f47a85bc78303cd1b51b6c2907a3a.jpg,dataset,ML-AR-MID CENTURY,D:\Real Estate\House_Style_Project\House_style_ML\dataset\ML-AR-MID CENTURY\249f47a85bc78303cd1b51b6c2907a3a.jpg
286f4d5c04da93e3c4686015d653db38 (1).jpg,dataset,ML-AR-MID CENTURY,D:\Real Estate\House_Style_Project\House_style_ML\dataset\ML-AR-MID CENTURY\286f4d5c04da93e3c4686015d653db38 (1).jpg
286f4d5c04da93e3c4686015d653db38.jpg,dataset,ML-AR-MID CENTURY,D:\Real Estate\House_Style_Project\House_style_ML\dataset\ML-AR-MID CENTURY\286f4d5c04da93e3c4686015d653db38.jpg
3-mid-century-modern-1950s-style-house-with-large-glass-windows-1.jpg,dataset,ML-AR-MID CENTURY,D:\Real Estate\House_Style_Project\House_style_ML\dataset\ML-AR-MID CENTURY\3-mid-century-modern-1950s-style-house-with-large-glass-windows-1.jpg
3-mid-century-modern-1950s-style-house-with-large-glass-windows-2.jpg,dataset,ML-AR-MID CENTURY,D:\Real Estate\House_Style_Project\House_style_ML\dataset\ML-AR-MID CENTURY\3-mid-century-modern-1950s-style-house-with-large-glass-windows-2.jpg
3-mid-century-modern-1950s-style-house-with-large-glass-windows.jpg,dataset,ML-AR-MID CENTURY,D:\Real Estate\House_Style_Project\House_style_ML\dataset\ML-AR-MID CENTURY\3-mid-century-modern-1950s-style-house-with-large-glass-windows.jpg
38b9e8292847ed858d1e3eef6708c5b1.jpg,dataset,ML-AR-MID CENTURY,D:\Real Estate\House_Style_Project\House_style_ML\dataset\ML-AR-MID CENTURY\38b9e8292847ed858d1e3eef6708c5b1.jpg
4-mid-century-modern-1950s-style-house-facade-with-brick-and-wood-accents-1.jpg,dataset,ML-AR-MID CENTURY,D:\Real Estate\House_Style_Project\House_style_ML\dataset\ML-AR-MID CENTURY\4-mid-century-modern-1950s-style-house-facade-with-brick-and-wood-accents-1.jpg
4-mid-century-modern-1950s-style-house-facade-with-brick-and-wood-accents-2.jpg,dataset,ML-AR-MID CENTURY,D:\Real Estate\House_Style_Project\House_style_ML\dataset\ML-AR-MID CENTURY\4-mid-century-modern-1950s-style-house-facade-with-brick-and-wood-accents-2.jpg
4-mid-century-modern-1950s-style-house-facade-with-brick-and-wood-accents-3.jpg,dataset,ML-AR-MID CENTURY,D:\Real Estate\House_Style_Project\House_style_ML\dataset\ML-AR-MID CENTURY\4-mid-century-modern-1950s-style-house-facade-with-brick-and-wood-accents-3.jpg
4d52fbe77200d619ef725705073fe3c9 (1).jpg,dataset,ML-AR-MID CENTURY,D:\Real Estate\House_Style_Project\House_style_ML\dataset\ML-AR-MID CENTURY\4d52fbe77200d619ef725705073fe3c9 (1).jpg
4d52fbe77200d619ef725705073fe3c9.jpg,dataset,ML-AR-MID CENTURY,D:\Real Estate\House_Style_Project\House_style_ML\dataset\ML-AR-MID CENTURY\4d52fbe77200d619ef725705073fe3c9.jpg
5-mid-century-modern-1950s-style-house-farmhouse-landscaping-with-native-plants-1.jpg,dataset,ML-AR-MID CENTURY,D:\Real Estate\House_Style_Project\House_style_ML\dataset\ML-AR-MID CENTURY\5-mid-century-modern-1950s-style-house-farmhouse-landscaping-with-native-plants-1.jpg
5-mid-century-modern-1950s-style-house-farmhouse-landscaping-with-native-plants-2.jpg,dataset,ML-AR-MID CENTURY,D:\Real Estate\House_Style_Project\House_style_ML\dataset\ML-AR-MID CENTURY\5-mid-century-modern-1950s-style-house-farmhouse-landscaping-with-native-plants-2.jpg
5-mid-century-modern-1950s-style-house-farmhouse-landscaping-with-native-plants-3.jpg,dataset,ML-AR-MID CENTURY,D:\Real Estate\House_Style_Project\House_style_ML\dataset\ML-AR-MID CENTURY\5-mid-century-modern-1950s-style-house-farmhouse-landscaping-with-native-plants-3.jpg
5-mid-century-modern-1950s-style-house-farmhouse-landscaping-with-native-plants.jpg,dataset,ML-AR-MID CENTURY,D:\Real Estate\House_Style_Project\House_style_ML\dataset\ML-AR-MID CENTURY\5-mid-century-modern-1950s-style-house-farmhouse-landscaping-with-native-plants.jpg
51837fa4b31dfb05631296cb57d67cf6.jpg,dataset,ML-AR-MID CENTURY,D:\Real Estate\House_Style_Project\House_style_ML\dataset\ML-AR-MID CENTURY\51837fa4b31dfb05631296cb57d67cf6.jpg
7-mid-century-modern-1950s-style-house-facade-with-carport.jpg,dataset,ML-AR-MID CENTURY,D:\Real Estate\House_Style_Project\House_style_ML\dataset\ML-AR-MID CENTURY\7-mid-century-modern-1950s-style-house-facade-with-carport.jpg
701f6536b015222899d4b2321c50ef6d (1).jpg,dataset,ML-AR-MID CENTURY,D:\Real Estate\House_Style_Project\House_style_ML\dataset\ML-AR-MID CENTURY\701f6536b015222899d4b2321c50ef6d (1).jpg
701f6536b015222899d4b2321c50ef6d.jpg,dataset,ML-AR-MID CENTURY,D:\Real Estate\House_Style_Project\House_style_ML\dataset\ML-AR-MID CENTURY\701f6536b015222899d4b2321c50ef6d.jpg
745f9ddf49232b0fc9204ee6fb45205b.jpg,dataset,ML-AR-MID CENTURY,D:\Real Estate\House_Style_Project\House_style_ML\dataset\ML-AR-MID CENTURY\745f9ddf49232b0fc9204ee6fb45205b.jpg
7ab12957ae8e5a8e61836b6a97e09211.jpg,dataset,ML-AR-MID CENTURY,D:\Real Estate\House_Style_Project\House_style_ML\dataset\ML-AR-MID CENTURY\7ab12957ae8e5a8e61836b6a97e09211.jpg
8-mid-century-modern-1950s-style-house-facade-with-minimalist-front-porch-landscape-with-flowers-1.jpg,dataset,ML-AR-MID CENTURY,D:\Real Estate\House_Style_Project\House_style_ML\dataset\ML-AR-MID CENTURY\8-mid-century-modern-1950s-style-house-facade-with-minimalist-front-porch-landscape-with-flowers-1.jpg
87eadce2c1fc8394cbdf5737b880bea4.jpg,dataset,ML-AR-MID CENTURY,D:\Real Estate\House_Style_Project\House_style_ML\dataset\ML-AR-MID CENTURY\87eadce2c1fc8394cbdf5737b880bea4.jpg
88341246b5b3fd6e95b27b6c99851106.jpg,dataset,ML-AR-MID CENTURY,D:\Real Estate\House_Style_Project\House_style_ML\dataset\ML-AR-MID CENTURY\88341246b5b3fd6e95b27b6c99851106.jpg
ac02ce6f3efc7a6eaee4996bd069f814.jpg,dataset,ML-AR-MID CENTURY,D:\Real Estate\House_Style_Project\House_style_ML\dataset\ML-AR-MID CENTURY\ac02ce6f3efc7a6eaee4996bd069f814.jpg
b2eb7d912d94999982e1a85cf9829454.jpg,dataset,ML-AR-MID CENTURY,D:\Real Estate\House_Style_Project\House_style_ML\dataset\ML-AR-MID CENTURY\b2eb7d912d94999982e1a85cf9829454.jpg
c4a4ecef21b113e9eb9a9bb6cea7c0e1.jpg,dataset,ML-AR-MID CENTURY,D:\Real Estate\House_Style_Project\House_style_ML\dataset\ML-AR-MID CENTURY\c4a4ecef21b113e9eb9a9bb6cea7c0e1.jpg
d993d80fa365525ebab4663f6d2d247c.jpg,dataset,ML-AR-MID CENTURY,D:\Real Estate\House_Style_Project\House_style_ML\dataset\ML-AR-MID CENTURY\d993d80fa365525ebab4663f6d2d247c.jpg
ee372dc965da486c2059a7c8f4ae3dd9 (1).jpg,dataset,ML-AR-MID CENTURY,D:\Real Estate\House_Style_Project\House_style_ML\dataset\ML-AR-MID CENTURY\ee372dc965da486c2059a7c8f4ae3dd9 (1).jpg
ee372dc965da486c2059a7c8f4ae3dd9.jpg,dataset,ML-AR-MID CENTURY,D:\Real Estate\House_Style_Project\House_style_ML\dataset\ML-AR-MID CENTURY\ee372dc965da486c2059a7c8f4ae3dd9.jpg
1155eaa83c6d99b49ef7adfda0cb2138.jpg,dataset,ML-AR-Modern,D:\Real Estate\House_Style_Project\House_style_ML\dataset\ML-AR-Modern\1155eaa83c6d99b49ef7adfda0cb2138.jpg
120def8b157ac9bd390950bbac5fa0ae.jpg,dataset,ML-AR-Modern,D:\Real Estate\House_Style_Project\House_style_ML\dataset\ML-AR-Modern\120def8b157ac9bd390950bbac5fa0ae.jpg
1dc7051119305758ca7bb341fedfa121.jpg,dataset,ML-AR-Modern,D:\Real Estate\House_Style_Project\House_style_ML\dataset\ML-AR-Modern\1dc7051119305758ca7bb341fedfa121.jpg
22a1b66e0f796e46fcac7e6de195d94a.jpg,dataset,ML-AR-Modern,D:\Real Estate\House_Style_Project\House_style_ML\dataset\ML-AR-Modern\22a1b66e0f796e46fcac7e6de195d94a.jpg
32f24003e851b205219c8770d223c724.jpg,dataset,ML-AR-Modern,D:\Real Estate\House_Style_Project\House_style_ML\dataset\ML-AR-Modern\32f24003e851b205219c8770d223c724.jpg
33775035ef8ef46774df48dce0cdff18.jpg,dataset,ML-AR-Modern,D:\Real Estate\House_Style_Project\House_style_ML\dataset\ML-AR-Modern\33775035ef8ef46774df48dce0cdff18.jpg
36aed6f4fce5339677328f457fbc3d77.jpg,dataset,ML-AR-Modern,D:\Real Estate\House_Style_Project\House_style_ML\dataset\ML-AR-Modern\36aed6f4fce5339677328f457fbc3d77.jpg
4948f09b9f64a67739489507e20b1c1b.jpg,dataset,ML-AR-Modern,D:\Real Estate\House_Style_Project\House_style_ML\dataset\ML-AR-Modern\4948f09b9f64a67739489507e20b1c1b.jpg
91544c7531dcfdae8bd46b4d34f52adf.jpg,dataset,ML-AR-Modern,D:\Real Estate\House_Style_Project\House_style_ML\dataset\ML-AR-Modern\91544c7531dcfdae8bd46b4d34f52adf.jpg
937c27cae60f3c1a42c8444c659ec1ef.jpg,dataset,ML-AR-Modern,D:\Real Estate\House_Style_Project\House_style_ML\dataset\ML-AR-Modern\937c27cae60f3c1a42c8444c659ec1ef.jpg
9b88d992abdbc346d1ace865583165ef.jpg,dataset,ML-AR-Modern,D:\Real Estate\House_Style_Project\House_style_ML\dataset\ML-AR-Modern\9b88d992abdbc346d1ace865583165ef.jpg
bcb1f02a227155de5ed34606823143d0.jpg,dataset,ML-AR-Modern,D:\Real Estate\House_Style_Project\House_style_ML\dataset\ML-AR-Modern\bcb1f02a227155de5ed34606823143d0.jpg
c6346de08fc636aeb0b266077d939fce.jpg,dataset,ML-AR-Modern,D:\Real Estate\House_Style_Project\House_style_ML\dataset\ML-AR-Modern\c6346de08fc636aeb0b266077d939fce.jpg
cd943f630910a1599050babfeeb07204.jpg,dataset,ML-AR-Modern,D:\Real Estate\House_Style_Project\House_style_ML\dataset\ML-AR-Modern\cd943f630910a1599050babfeeb07204.jpg
d5af9158617c6bf4fd77b830ed1adfb1.jpg,dataset,ML-AR-Modern,D:\Real Estate\House_Style_Project\House_style_ML\dataset\ML-AR-Modern\d5af9158617c6bf4fd77b830ed1adfb1.jpg
f751509ec12198a853cbb892bb637d83.jpg,dataset,ML-AR-Modern,D:\Real Estate\House_Style_Project\House_style_ML\dataset\ML-AR-Modern\f751509ec12198a853cbb892bb637d83.jpg
056f56e23e2f55a9c399a5f28934c847.jpg,dataset,ML-AR-Modern Minimal,D:\Real Estate\House_Style_Project\House_style_ML\dataset\ML-AR-Modern Minimal\056f56e23e2f55a9c399a5f28934c847.jpg
15001ee55741240ab7e6e7d14226c988.jpg,dataset,ML-AR-Modern Minimal,D:\Real Estate\House_Style_Project\House_style_ML\dataset\ML-AR-Modern Minimal\15001ee55741240ab7e6e7d14226c988.jpg
1613cbc13fcbf77441c521257b16b3b5.jpg,dataset,ML-AR-Modern Minimal,D:\Real Estate\House_Style_Project\House_style_ML\dataset\ML-AR-Modern Minimal\1613cbc13fcbf77441c521257b16b3b5.jpg
1f951a96283669f2265e2cea304e50de.jpg,dataset,ML-AR-Modern Minimal,D:\Real Estate\House_Style_Project\House_style_ML\dataset\ML-AR-Modern Minimal\1f951a96283669f2265e2cea304e50de.jpg
237c0e001eb836718702b29cf9223dc1.jpg,dataset,ML-AR-Modern Minimal,D:\Real Estate\House_Style_Project\House_style_ML\dataset\ML-AR-Modern Minimal\237c0e001eb836718702b29cf9223dc1.jpg
50ee39720384c0ff358194a128cdc97b.jpg,dataset,ML-AR-Modern Minimal,D:\Real Estate\House_Style_Project\House_style_ML\dataset\ML-AR-Modern Minimal\50ee39720384c0ff358194a128cdc97b.jpg
55b048bce555acddcf19c95d2d31a2fd.jpg,dataset,ML-AR-Modern Minimal,D:\Real Estate\House_Style_Project\House_style_ML\dataset\ML-AR-Modern Minimal\55b048bce555acddcf19c95d2d31a2fd.jpg
5ce4ab924372a850876a321e63bc79e5.jpg,dataset,ML-AR-Modern Minimal,D:\Real Estate\House_Style_Project\House_style_ML\dataset\ML-AR-Modern Minimal\5ce4ab924372a850876a321e63bc79e5.jpg
5f8d08bef6bc995cb85b45302c87c538.jpg,dataset,ML-AR-Modern Minimal,D:\Real Estate\House_Style_Project\House_style_ML\dataset\ML-AR-Modern Minimal\5f8d08bef6bc995cb85b45302c87c538.jpg
60b32cd5a9a317030a944fb2feb6f830.jpg,dataset,ML-AR-Modern Minimal,D:\Real Estate\House_Style_Project\House_style_ML\dataset\ML-AR-Modern Minimal\60b32cd5a9a317030a944fb2feb6f830.jpg
768b715afe1ff92bb2732f8e2c481f42.jpg,dataset,ML-AR-Modern Minimal,D:\Real Estate\House_Style_Project\House_style_ML\dataset\ML-AR-Modern Minimal\768b715afe1ff92bb2732f8e2c481f42.jpg
7f6cae1e68e3d23a2c5c6fe2b1e455cd.jpg,dataset,ML-AR-Modern Minimal,D:\Real Estate\House_Style_Project\House_style_ML\dataset\ML-AR-Modern Minimal\7f6cae1e68e3d23a2c5c6fe2b1e455cd.jpg
8381918239a5a07e64a90087495365e4.jpg,dataset,ML-AR-Modern Minimal,D:\Real Estate\House_Style_Project\House_style_ML\dataset\ML-AR-Modern Minimal\8381918239a5a07e64a90087495365e4.jpg
83b3efdf6420d372c808c95eedd23eb0.jpg,dataset,ML-AR-Modern Minimal,D:\Real Estate\House_Style_Project\House_style_ML\dataset\ML-AR-Modern Minimal\83b3efdf6420d372c808c95eedd23eb0.jpg
8c4f979d6fdf7449fb86433ccb6bb3d8.jpg,dataset,ML-AR-Modern Minimal,D:\Real Estate\House_Style_Project\House_style_ML\dataset\ML-AR-Modern Minimal\8c4f979d6fdf7449fb86433ccb6bb3d8.jpg
8e08f916c60177aa3ebcd94dc2106430.jpg,dataset,ML-AR-Modern Minimal,D:\Real Estate\House_Style_Project\House_style_ML\dataset\ML-AR-Modern Minimal\8e08f916c60177aa3ebcd94dc2106430.jpg
9343d3cf15fd170c3708f2cc78af75e8.jpg,dataset,ML-AR-Modern Minimal,D:\Real Estate\House_Style_Project\House_style_ML\dataset\ML-AR-Modern Minimal\9343d3cf15fd170c3708f2cc78af75e8.jpg
ad92d98cecd350dda66ae474d5ce3017.jpg,dataset,ML-AR-Modern Minimal,D:\Real Estate\House_Style_Project\House_style_ML\dataset\ML-AR-Modern Minimal\ad92d98cecd350dda66ae474d5ce3017.jpg
c6e98859f97a0ac5e184d8f51039efd8.jpg,dataset,ML-AR-Modern Minimal,D:\Real Estate\House_Style_Project\House_style_ML\dataset\ML-AR-Modern Minimal\c6e98859f97a0ac5e184d8f51039efd8.jpg
ca686470482471ca055119143d7e49c3.jpg,dataset,ML-AR-Modern Minimal,D:\Real Estate\House_Style_Project\House_style_ML\dataset\ML-AR-Modern Minimal\ca686470482471ca055119143d7e49c3.jpg
cbbc84f3b79fceafe268a24d6f4a5a83.jpg,dataset,ML-AR-Modern Minimal,D:\Real Estate\House_Style_Project\House_style_ML\dataset\ML-AR-Modern Minimal\cbbc84f3b79fceafe268a24d6f4a5a83.jpg
cd8a7c70afab8b50aae4e026077086ba.jpg,dataset,ML-AR-Modern Minimal,D:\Real Estate\House_Style_Project\House_style_ML\dataset\ML-AR-Modern Minimal\cd8a7c70afab8b50aae4e026077086ba.jpg
ce9c1c65898f1fb2a3d9147053d4c9c4.jpg,dataset,ML-AR-Modern Minimal,D:\Real Estate\House_Style_Project\House_style_ML\dataset\ML-AR-Modern Minimal\ce9c1c65898f1fb2a3d9147053d4c9c4.jpg
d14e0c803993f18a905588a58ad03432.jpg,dataset,ML-AR-Modern Minimal,D:\Real Estate\House_Style_Project\House_style_ML\dataset\ML-AR-Modern Minimal\d14e0c803993f18a905588a58ad03432.jpg
d4da2f73183b8aade5072fccf35c4c46.jpg,dataset,ML-AR-Modern Minimal,D:\Real Estate\House_Style_Project\House_style_ML\dataset\ML-AR-Modern Minimal\d4da2f73183b8aade5072fccf35c4c46.jpg
d908e3ed8c92a32c78ddf228e908e93d.jpg,dataset,ML-AR-Modern Minimal,D:\Real Estate\House_Style_Project\House_style_ML\dataset\ML-AR-Modern Minimal\d908e3ed8c92a32c78ddf228e908e93d.jpg
dbf7ddc88837c9db23801e8587724742.jpg,dataset,ML-AR-Modern Minimal,D:\Real Estate\House_Style_Project\House_style_ML\dataset\ML-AR-Modern Minimal\dbf7ddc88837c9db23801e8587724742.jpg
e7bb671c5d7150be0dcdadad8941263b.jpg,dataset,ML-AR-Modern Minimal,D:\Real Estate\House_Style_Project\House_style_ML\dataset\ML-AR-Modern Minimal\e7bb671c5d7150be0dcdadad8941263b.jpg
fb21a680948fec435916762af54b83e0.jpg,dataset,ML-AR-Modern Minimal,D:\Real Estate\House_Style_Project\House_style_ML\dataset\ML-AR-Modern Minimal\fb21a680948fec435916762af54b83e0.jpg
01f7845047a1af8e4ee4732ec480fe09.jpg,dataset,ML-AR-Oriental,D:\Real Estate\House_Style_Project\House_style_ML\dataset\ML-AR-Oriental\01f7845047a1af8e4ee4732ec480fe09.jpg
03e4efb2a2c484c504b4a191f8348d7f.jpg,dataset,ML-AR-Oriental,D:\Real Estate\House_Style_Project\House_style_ML\dataset\ML-AR-Oriental\03e4efb2a2c484c504b4a191f8348d7f.jpg
04836aae971d51e323f32618b26028b2.jpg,dataset,ML-AR-Oriental,D:\Real Estate\House_Style_Project\House_style_ML\dataset\ML-AR-Oriental\04836aae971d51e323f32618b26028b2.jpg
0c07e6f95bd8798db38162a75fa91a1a.jpg,dataset,ML-AR-Oriental,D:\Real Estate\House_Style_Project\House_style_ML\dataset\ML-AR-Oriental\0c07e6f95bd8798db38162a75fa91a1a.jpg
16df504da2ad9e47141fcbd387d57a9f.jpg,dataset,ML-AR-Oriental,D:\Real Estate\House_Style_Project\House_style_ML\dataset\ML-AR-Oriental\16df504da2ad9e47141fcbd387d57a9f.jpg
373efab36dbc572f07e9d015e033a952.jpg,dataset,ML-AR-Oriental,D:\Real Estate\House_Style_Project\House_style_ML\dataset\ML-AR-Oriental\373efab36dbc572f07e9d015e033a952.jpg
3777d75b44cb1818e9c1b4edf4fc94a3.jpg,dataset,ML-AR-Oriental,D:\Real Estate\House_Style_Project\House_style_ML\dataset\ML-AR-Oriental\3777d75b44cb1818e9c1b4edf4fc94a3.jpg
6944b31f2cd7e1d6bc882dbdc2355553.jpg,dataset,ML-AR-Oriental,D:\Real Estate\House_Style_Project\House_style_ML\dataset\ML-AR-Oriental\6944b31f2cd7e1d6bc882dbdc2355553.jpg
7d31b5f60cb77a863d462f429aabf615.jpg,dataset,ML-AR-Oriental,D:\Real Estate\House_Style_Project\House_style_ML\dataset\ML-AR-Oriental\7d31b5f60cb77a863d462f429aabf615.jpg
7d8fcec4ecfae209a2e71ab5875e145a.jpg,dataset,ML-AR-Oriental,D:\Real Estate\House_Style_Project\House_style_ML\dataset\ML-AR-Oriental\7d8fcec4ecfae209a2e71ab5875e145a.jpg
8c24d60318bcca36039c4ce1319d8f15.jpg,dataset,ML-AR-Oriental,D:\Real Estate\House_Style_Project\House_style_ML\dataset\ML-AR-Oriental\8c24d60318bcca36039c4ce1319d8f15.jpg
8d7680fe85fbb85bf854ddb045465012.jpg,dataset,ML-AR-Oriental,D:\Real Estate\House_Style_Project\House_style_ML\dataset\ML-AR-Oriental\8d7680fe85fbb85bf854ddb045465012.jpg
93a4fb2272b5715139759c8f471f52f5.jpg,dataset,ML-AR-Oriental,D:\Real Estate\House_Style_Project\House_style_ML\dataset\ML-AR-Oriental\93a4fb2272b5715139759c8f471f52f5.jpg
95c9bc8eea92a622ef97ca92a6596a05.jpg,dataset,ML-AR-Oriental,D:\Real Estate\House_Style_Project\House_style_ML\dataset\ML-AR-Oriental\95c9bc8eea92a622ef97ca92a6596a05.jpg
9d87b6529227ed03eafa3a8588213d33.jpg,dataset,ML-AR-Oriental,D:\Real Estate\House_Style_Project\House_style_ML\dataset\ML-AR-Oriental\9d87b6529227ed03eafa3a8588213d33.jpg
a662017f4ef7a52fe4157ba32920743c.jpg,dataset,ML-AR-Oriental,D:\Real Estate\House_Style_Project\House_style_ML\dataset\ML-AR-Oriental\a662017f4ef7a52fe4157ba32920743c.jpg
ad5bf51df3d135b9b938d978d7cad22f.jpg,dataset,ML-AR-Oriental,D:\Real Estate\House_Style_Project\House_style_ML\dataset\ML-AR-Oriental\ad5bf51df3d135b9b938d978d7cad22f.jpg
b121664135c9f1f538c0649365826944.jpg,dataset,ML-AR-Oriental,D:\Real Estate\House_Style_Project\House_style_ML\dataset\ML-AR-Oriental\b121664135c9f1f538c0649365826944.jpg
b8066acf5ead3317f7ba5c67f95e4242.jpg,dataset,ML-AR-Oriental,D:\Real Estate\House_Style_Project\House_style_ML\dataset\ML-AR-Oriental\b8066acf5ead3317f7ba5c67f95e4242.jpg
b8966ee875a437f279c1c3863c09145a.jpg,dataset,ML-AR-Oriental,D:\Real Estate\House_Style_Project\House_style_ML\dataset\ML-AR-Oriental\b8966ee875a437f279c1c3863c09145a.jpg
c554861c3aa4df7bb8896fb25744854d.jpg,dataset,ML-AR-Oriental,D:\Real Estate\House_Style_Project\House_style_ML\dataset\ML-AR-Oriental\c554861c3aa4df7bb8896fb25744854d.jpg
ce991ad583af5e63f772b424f735069c.jpg,dataset,ML-AR-Oriental,D:\Real Estate\House_Style_Project\House_style_ML\dataset\ML-AR-Oriental\ce991ad583af5e63f772b424f735069c.jpg
d835da248bc55fe13bba9a244c0798e3.jpg,dataset,ML-AR-Oriental,D:\Real Estate\House_Style_Project\House_style_ML\dataset\ML-AR-Oriental\d835da248bc55fe13bba9a244c0798e3.jpg
d9a5794bc7e53cece11351a571d3626a.jpg,dataset,ML-AR-Oriental,D:\Real Estate\House_Style_Project\House_style_ML\dataset\ML-AR-Oriental\d9a5794bc7e53cece11351a571d3626a.jpg
e2c05fabebeea0938d823c190ba79858.jpg,dataset,ML-AR-Oriental,D:\Real Estate\House_Style_Project\House_style_ML\dataset\ML-AR-Oriental\e2c05fabebeea0938d823c190ba79858.jpg
eaaf8b933332a6c92af1e7bfc2663982.jpg,dataset,ML-AR-Oriental,D:\Real Estate\House_Style_Project\House_style_ML\dataset\ML-AR-Oriental\eaaf8b933332a6c92af1e7bfc2663982.jpg
f010ba950d84309674ed33a50e320417.jpg,dataset,ML-AR-Oriental,D:\Real Estate\House_Style_Project\House_style_ML\dataset\ML-AR-Oriental\f010ba950d84309674ed33a50e320417.jpg
fcf47ee2eb7794e337d7259f9779b80b.jpg,dataset,ML-AR-Oriental,D:\Real Estate\House_Style_Project\House_style_ML\dataset\ML-AR-Oriental\fcf47ee2eb7794e337d7259f9779b80b.jpg
fdca9e6f59dd04194106dd4404e4e717.jpg,dataset,ML-AR-Oriental,D:\Real Estate\House_Style_Project\House_style_ML\dataset\ML-AR-Oriental\fdca9e6f59dd04194106dd4404e4e717.jpg
09364a4fe33fbd1eed2edaf0ff29d329.jpg,dataset,ML-AR-SCANDINAVIAN,D:\Real Estate\House_Style_Project\House_style_ML\dataset\ML-AR-SCANDINAVIAN\09364a4fe33fbd1eed2edaf0ff29d329.jpg
0c039a5d6246cbca6e42be37c5a14b83.jpg,dataset,ML-AR-SCANDINAVIAN,D:\Real Estate\House_Style_Project\House_style_ML\dataset\ML-AR-SCANDINAVIAN\0c039a5d6246cbca6e42be37c5a14b83.jpg
156ee9a5f85db709678a86e233ed2d5c.jpg,dataset,ML-AR-SCANDINAVIAN,D:\Real Estate\House_Style_Project\House_style_ML\dataset\ML-AR-SCANDINAVIAN\156ee9a5f85db709678a86e233ed2d5c.jpg
1f641891b11ecfa79be1d4efe04353af.jpg,dataset,ML-AR-SCANDINAVIAN,D:\Real Estate\House_Style_Project\House_style_ML\dataset\ML-AR-SCANDINAVIAN\1f641891b11ecfa79be1d4efe04353af.jpg
408fe913e2399b2f5746fa19400784f2.jpg,dataset,ML-AR-SCANDINAVIAN,D:\Real Estate\House_Style_Project\House_style_ML\dataset\ML-AR-SCANDINAVIAN\408fe913e2399b2f5746fa19400784f2.jpg
43f0839dfc57a652eacae863c2d66fce.jpg,dataset,ML-AR-SCANDINAVIAN,D:\Real Estate\House_Style_Project\House_style_ML\dataset\ML-AR-SCANDINAVIAN\43f0839dfc57a652eacae863c2d66fce.jpg
45b2ef800d1fd8ace3b2fd9b7bf06665.jpg,dataset,ML-AR-SCANDINAVIAN,D:\Real Estate\House_Style_Project\House_style_ML\dataset\ML-AR-SCANDINAVIAN\45b2ef800d1fd8ace3b2fd9b7bf06665.jpg
6411e06dd06d2be3ba6c390a42936055.jpg,dataset,ML-AR-SCANDINAVIAN,D:\Real Estate\House_Style_Project\House_style_ML\dataset\ML-AR-SCANDINAVIAN\6411e06dd06d2be3ba6c390a42936055.jpg
7afca5bdd95dcbebb84bf3c1baf772ce.jpg,dataset,ML-AR-SCANDINAVIAN,D:\Real Estate\House_Style_Project\House_style_ML\dataset\ML-AR-SCANDINAVIAN\7afca5bdd95dcbebb84bf3c1baf772ce.jpg
8bb4cf6eaee6d9d42372623c76985b7e.jpg,dataset,ML-AR-SCANDINAVIAN,D:\Real Estate\House_Style_Project\House_style_ML\dataset\ML-AR-SCANDINAVIAN\8bb4cf6eaee6d9d42372623c76985b7e.jpg
8f8aaa31a809ad478578d6b070cfa222.jpg,dataset,ML-AR-SCANDINAVIAN,D:\Real Estate\House_Style_Project\House_style_ML\dataset\ML-AR-SCANDINAVIAN\8f8aaa31a809ad478578d6b070cfa222.jpg
9198153d075458f22174610c70e58dd8.jpg,dataset,ML-AR-SCANDINAVIAN,D:\Real Estate\House_Style_Project\House_style_ML\dataset\ML-AR-SCANDINAVIAN\9198153d075458f22174610c70e58dd8.jpg
93c324e11c1591555461c14f05ea21f6.jpg,dataset,ML-AR-SCANDINAVIAN,D:\Real Estate\House_Style_Project\House_style_ML\dataset\ML-AR-SCANDINAVIAN\93c324e11c1591555461c14f05ea21f6.jpg
96236bcef39b96b570b6e10bcb4c9734.jpg,dataset,ML-AR-SCANDINAVIAN,D:\Real Estate\House_Style_Project\House_style_ML\dataset\ML-AR-SCANDINAVIAN\96236bcef39b96b570b6e10bcb4c9734.jpg
9de4664ce1b64d529b8627049802ed7e.jpg,dataset,ML-AR-SCANDINAVIAN,D:\Real Estate\House_Style_Project\House_style_ML\dataset\ML-AR-SCANDINAVIAN\9de4664ce1b64d529b8627049802ed7e.jpg
a15bf2c8225e14e89132a7dc814002e2.jpg,dataset,ML-AR-SCANDINAVIAN,D:\Real Estate\House_Style_Project\House_style_ML\dataset\ML-AR-SCANDINAVIAN\a15bf2c8225e14e89132a7dc814002e2.jpg
a2cea1af0eb3df6584e53b6b5d46b647.jpg,dataset,ML-AR-SCANDINAVIAN,D:\Real Estate\House_Style_Project\House_style_ML\dataset\ML-AR-SCANDINAVIAN\a2cea1af0eb3df6584e53b6b5d46b647.jpg
a41252c01de46b74efa650418049f1ff.jpg,dataset,ML-AR-SCANDINAVIAN,D:\Real Estate\House_Style_Project\House_style_ML\dataset\ML-AR-SCANDINAVIAN\a41252c01de46b74efa650418049f1ff.jpg
a8f52a3957952084ffd8b0adf35626b3.jpg,dataset,ML-AR-SCANDINAVIAN,D:\Real Estate\House_Style_Project\House_style_ML\dataset\ML-AR-SCANDINAVIAN\a8f52a3957952084ffd8b0adf35626b3.jpg
beff5e9e326b511eba849a3e196862d1.jpg,dataset,ML-AR-SCANDINAVIAN,D:\Real Estate\House_Style_Project\House_style_ML\dataset\ML-AR-SCANDINAVIAN\beff5e9e326b511eba849a3e196862d1.jpg
bfafd7011ff5d70050a52695edf021c3.jpg,dataset,ML-AR-SCANDINAVIAN,D:\Real Estate\House_Style_Project\House_style_ML\dataset\ML-AR-SCANDINAVIAN\bfafd7011ff5d70050a52695edf021c3.jpg
d0ed895dbfd30bbc7520b25bd1ef75a2.jpg,dataset,ML-AR-SCANDINAVIAN,D:\Real Estate\House_Style_Project\House_style_ML\dataset\ML-AR-SCANDINAVIAN\d0ed895dbfd30bbc7520b25bd1ef75a2.jpg
d5acda5854bc86febf2ed010ca666c12.jpg,dataset,ML-AR-SCANDINAVIAN,D:\Real Estate\House_Style_Project\House_style_ML\dataset\ML-AR-SCANDINAVIAN\d5acda5854bc86febf2ed010ca666c12.jpg
f1a7bb33b736dec5ca3a010892e86c83.jpg,dataset,ML-AR-SCANDINAVIAN,D:\Real Estate\House_Style_Project\House_style_ML\dataset\ML-AR-SCANDINAVIAN\f1a7bb33b736dec5ca3a010892e86c83.jpg
f58557e448efa9be5cb0494be09f3c25.jpg,dataset,ML-AR-SCANDINAVIAN,D:\Real Estate\House_Style_Project\House_style_ML\dataset\ML-AR-SCANDINAVIAN\f58557e448efa9be5cb0494be09f3c25.jpg
f89f28afd59d01b3b5a1e36418784a09.jpg,dataset,ML-AR-SCANDINAVIAN,D:\Real Estate\House_Style_Project\House_style_ML\dataset\ML-AR-SCANDINAVIAN\f89f28afd59d01b3b5a1e36418784a09.jpg
fc780b08decd0289fe4d7aa2b1bf8f8a.jpg,dataset,ML-AR-SCANDINAVIAN,D:\Real Estate\House_Style_Project\House_style_ML\dataset\ML-AR-SCANDINAVIAN\fc780b08decd0289fe4d7aa2b1bf8f8a.jpg
fcac167812ef27c662734b0c783378a0.jpg,dataset,ML-AR-SCANDINAVIAN,D:\Real Estate\House_Style_Project\House_style_ML\dataset\ML-AR-SCANDINAVIAN\fcac167812ef27c662734b0c783378a0.jpg
fde6c61cf36d8a54288bfc8235556979.jpg,dataset,ML-AR-SCANDINAVIAN,D:\Real Estate\House_Style_Project\House_style_ML\dataset\ML-AR-SCANDINAVIAN\fde6c61cf36d8a54288bfc8235556979.jpg
01_resize9.jpg,dataset,ML-AR-THAI,D:\Real Estate\House_Style_Project\House_style_ML\dataset\ML-AR-THAI\01_resize9.jpg
01_thai-houses.jpg,dataset,ML-AR-THAI,D:\Real Estate\House_Style_Project\House_style_ML\dataset\ML-AR-THAI\01_thai-houses.jpg
020c523b0fa145cb09fb33b3a01763ee.jpg,dataset,ML-AR-THAI,D:\Real Estate\House_Style_Project\House_style_ML\dataset\ML-AR-THAI\020c523b0fa145cb09fb33b3a01763ee.jpg
03-sq-1024x1024.jpg,dataset,ML-AR-THAI,D:\Real Estate\House_Style_Project\House_style_ML\dataset\ML-AR-THAI\03-sq-1024x1024.jpg
03_thai-houses.jpg,dataset,ML-AR-THAI,D:\Real Estate\House_Style_Project\House_style_ML\dataset\ML-AR-THAI\03_thai-houses.jpg
0613198fdded39402e0ae8912362589e.jpg,dataset,ML-AR-THAI,D:\Real Estate\House_Style_Project\House_style_ML\dataset\ML-AR-THAI\0613198fdded39402e0ae8912362589e.jpg
08_thai-houses.jpg,dataset,ML-AR-THAI,D:\Real Estate\House_Style_Project\House_style_ML\dataset\ML-AR-THAI\08_thai-houses.jpg
09_thai-houses.jpg,dataset,ML-AR-THAI,D:\Real Estate\House_Style_Project\House_style_ML\dataset\ML-AR-THAI\09_thai-houses.jpg
1-jul4.jpg,dataset,ML-AR-THAI,D:\Real Estate\House_Style_Project\House_style_ML\dataset\ML-AR-THAI\1-jul4.jpg
112.jpg,dataset,ML-AR-THAI,D:\Real Estate\House_Style_Project\House_style_ML\dataset\ML-AR-THAI\112.jpg
1275662315.jpg,dataset,ML-AR-THAI,D:\Real Estate\House_Style_Project\House_style_ML\dataset\ML-AR-THAI\1275662315.jpg
193f13d71c64d7f019bf1cc9c5629d8b.jpg,dataset,ML-AR-THAI,D:\Real Estate\House_Style_Project\House_style_ML\dataset\ML-AR-THAI\193f13d71c64d7f019bf1cc9c5629d8b.jpg
1d276e14a070a24befc9267370c16f3a.jpg,dataset,ML-AR-THAI,D:\Real Estate\House_Style_Project\House_style_ML\dataset\ML-AR-THAI\1d276e14a070a24befc9267370c16f3a.jpg
2-7.jpg,dataset,ML-AR-THAI,D:\Real Estate\House_Style_Project\House_style_ML\dataset\ML-AR-THAI\2-7.jpg
206d769797636234aa50fada4fb12dfe.jpg,dataset,ML-AR-THAI,D:\Real Estate\House_Style_Project\House_style_ML\dataset\ML-AR-THAI\206d769797636234aa50fada4fb12dfe.jpg
2d751412ac478eef7a02da97e6612cb6.jpg,dataset,ML-AR-THAI,D:\Real Estate\House_Style_Project\House_style_ML\dataset\ML-AR-THAI\2d751412ac478eef7a02da97e6612cb6.jpg
315094316_8284581338280540_31954142014612301_n-1024x1024.jpg,dataset,ML-AR-THAI,D:\Real Estate\House_Style_Project\House_style_ML\dataset\ML-AR-THAI\315094316_8284581338280540_31954142014612301_n-1024x1024.jpg
31657c9ac48f350a8b80fe0c92630779.jpg,dataset,ML-AR-THAI,D:\Real Estate\House_Style_Project\House_style_ML\dataset\ML-AR-THAI\31657c9ac48f350a8b80fe0c92630779.jpg
3368d8f4d8da82ffa0a2e123896a09ce.jpg,dataset,ML-AR-THAI,D:\Real Estate\House_Style_Project\House_style_ML\dataset\ML-AR-THAI\3368d8f4d8da82ffa0a2e123896a09ce.jpg
37593546a0393be55315ac78698ef04e.jpg,dataset,ML-AR-THAI,D:\Real Estate\House_Style_Project\House_style_ML\dataset\ML-AR-THAI\37593546a0393be55315ac78698ef04e.jpg
4ec6c64370dec3c793bd7d76aeeb15cf.jpg,dataset,ML-AR-THAI,D:\Real Estate\House_Style_Project\House_style_ML\dataset\ML-AR-THAI\4ec6c64370dec3c793bd7d76aeeb15cf.jpg
564000005496605.JPEG,dataset,ML-AR-THAI,D:\Real Estate\House_Style_Project\House_style_ML\dataset\ML-AR-THAI\564000005496605.JPEG
56abd7765e82501c24f0ba6f9fd4cdcd.jpg,dataset,ML-AR-THAI,D:\Real Estate\House_Style_Project\House_style_ML\dataset\ML-AR-THAI\56abd7765e82501c24f0ba6f9fd4cdcd.jpg
619a0b8e6aa5ea5647843bcf8a97677b.jpg,dataset,ML-AR-THAI,D:\Real Estate\House_Style_Project\House_style_ML\dataset\ML-AR-THAI\619a0b8e6aa5ea5647843bcf8a97677b.jpg
7d8b56d548cccd880e647b85e6c60780.jpg,dataset,ML-AR-THAI,D:\Real Estate\House_Style_Project\House_style_ML\dataset\ML-AR-THAI\7d8b56d548cccd880e647b85e6c60780.jpg
8190481db032ed03c06756a13e43255b.jpg,dataset,ML-AR-THAI,D:\Real Estate\House_Style_Project\House_style_ML\dataset\ML-AR-THAI\8190481db032ed03c06756a13e43255b.jpg
88bd194091bf4a169e1a0c8c1f6bf3cb.jpg,dataset,ML-AR-THAI,D:\Real Estate\House_Style_Project\House_style_ML\dataset\ML-AR-THAI\88bd194091bf4a169e1a0c8c1f6bf3cb.jpg
8adc15b5f94e57b7f8f3507f32974dfe.jpg,dataset,ML-AR-THAI,D:\Real Estate\House_Style_Project\House_style_ML\dataset\ML-AR-THAI\8adc15b5f94e57b7f8f3507f32974dfe.jpg
95071795.jpg,dataset,ML-AR-THAI,D:\Real Estate\House_Style_Project\House_style_ML\dataset\ML-AR-THAI\95071795.jpg
9d87b6529227ed03eafa3a8588213d33.jpg,dataset,ML-AR-THAI,D:\Real Estate\House_Style_Project\House_style_ML\dataset\ML-AR-THAI\9d87b6529227ed03eafa3a8588213d33.jpg
aaa4b522051ebd1b5182edf1bcdc8542.jpg,dataset,ML-AR-THAI,D:\Real Estate\House_Style_Project\House_style_ML\dataset\ML-AR-THAI\aaa4b522051ebd1b5182edf1bcdc8542.jpg
ba6f9733fb80199387d0034c6bf186d2.jpg,dataset,ML-AR-THAI,D:\Real Estate\House_Style_Project\House_style_ML\dataset\ML-AR-THAI\ba6f9733fb80199387d0034c6bf186d2.jpg
baan-tita-house-yangnar-studio_20-620x941.jpg,dataset,ML-AR-THAI,D:\Real Estate\House_Style_Project\House_style_ML\dataset\ML-AR-THAI\baan-tita-house-yangnar-studio_20-620x941.jpg
bafda79a0b8feb0404eae7654e6b0984.jpg,dataset,ML-AR-THAI,D:\Real Estate\House_Style_Project\House_style_ML\dataset\ML-AR-THAI\bafda79a0b8feb0404eae7654e6b0984.jpg
bp09_new.jpg,dataset,ML-AR-THAI,D:\Real Estate\House_Style_Project\House_style_ML\dataset\ML-AR-THAI\bp09_new.jpg
c0e6eeda080ac4a3c427e707ac9df4ac.jpg,dataset,ML-AR-THAI,D:\Real Estate\House_Style_Project\House_style_ML\dataset\ML-AR-THAI\c0e6eeda080ac4a3c427e707ac9df4ac.jpg
e8dceb8c9fa34d7e8a8558004c215266.jpg,dataset,ML-AR-THAI,D:\Real Estate\House_Style_Project\House_style_ML\dataset\ML-AR-THAI\e8dceb8c9fa34d7e8a8558004c215266.jpg
ebc242fae1d8d388a17bbb0eb6ce055f.jpg,dataset,ML-AR-THAI,D:\Real Estate\House_Style_Project\House_style_ML\dataset\ML-AR-THAI\ebc242fae1d8d388a17bbb0eb6ce055f.jpg
ed200c4ee98d7bcca55830ac0f85b834.jpg,dataset,ML-AR-THAI,D:\Real Estate\House_Style_Project\House_style_ML\dataset\ML-AR-THAI\ed200c4ee98d7bcca55830ac0f85b834.jpg
ff67e20865b49f289e373faeb47afb46.jpg,dataset,ML-AR-THAI,D:\Real Estate\House_Style_Project\House_style_ML\dataset\ML-AR-THAI\ff67e20865b49f289e373faeb47afb46.jpg
hvpvhl67uxs2.jpg,dataset,ML-AR-THAI,D:\Real Estate\House_Style_Project\House_style_ML\dataset\ML-AR-THAI\hvpvhl67uxs2.jpg
images.jpeg,dataset,ML-AR-THAI,D:\Real Estate\House_Style_Project\House_style_ML\dataset\ML-AR-THAI\images.jpeg
IMG_7185-1024x683.jpg,dataset,ML-AR-THAI,D:\Real Estate\House_Style_Project\House_style_ML\dataset\ML-AR-THAI\IMG_7185-1024x683.jpg
IMG_7195-1024x683.jpg,dataset,ML-AR-THAI,D:\Real Estate\House_Style_Project\House_style_ML\dataset\ML-AR-THAI\IMG_7195-1024x683.jpg
nz67g15f7lw8rpHUtNs-o.jpg,dataset,ML-AR-THAI,D:\Real Estate\House_Style_Project\House_style_ML\dataset\ML-AR-THAI\nz67g15f7lw8rpHUtNs-o.jpg
original-1550813863848.jpg,dataset,ML-AR-THAI,D:\Real Estate\House_Style_Project\House_style_ML\dataset\ML-AR-THAI\original-1550813863848.jpg
original-1588161997651.png,dataset,ML-AR-THAI,D:\Real Estate\House_Style_Project\House_style_ML\dataset\ML-AR-THAI\original-1588161997651.png
ovysf3mkq99GDLGtJz2-o.jpg,dataset,ML-AR-THAI,D:\Real Estate\House_Style_Project\House_style_ML\dataset\ML-AR-THAI\ovysf3mkq99GDLGtJz2-o.jpg
parallax-museum8-1024x720.jpg,dataset,ML-AR-THAI,D:\Real Estate\House_Style_Project\House_style_ML\dataset\ML-AR-THAI\parallax-museum8-1024x720.jpg
thai-home-lanna-style-20.jpg,dataset,ML-AR-THAI,D:\Real Estate\House_Style_Project\House_style_ML\dataset\ML-AR-THAI\thai-home-lanna-style-20.jpg
thai123.jpg,dataset,ML-AR-THAI,D:\Real Estate\House_Style_Project\House_style_ML\dataset\ML-AR-THAI\thai123.jpg
thai_00.JPG,dataset,ML-AR-THAI,D:\Real Estate\House_Style_Project\House_style_ML\dataset\ML-AR-THAI\thai_00.JPG
unnamed.jpg,dataset,ML-AR-THAI,D:\Real Estate\House_Style_Project\House_style_ML\dataset\ML-AR-THAI\unnamed.jpg
012ac81fd5185832703b1bd760e3c96e.jpg,dataset,ML-AR-TRANSITIONAL,D:\Real Estate\House_Style_Project\House_style_ML\dataset\ML-AR-TRANSITIONAL\012ac81fd5185832703b1bd760e3c96e.jpg
04a1765367fdf46046d45272e65144f7.jpg,dataset,ML-AR-TRANSITIONAL,D:\Real Estate\House_Style_Project\House_style_ML\dataset\ML-AR-TRANSITIONAL\04a1765367fdf46046d45272e65144f7.jpg
07a4ec66b2f52178b0965ab2afed6b89.jpg,dataset,ML-AR-TRANSITIONAL,D:\Real Estate\House_Style_Project\House_style_ML\dataset\ML-AR-TRANSITIONAL\07a4ec66b2f52178b0965ab2afed6b89.jpg
13194a3e8c04e60ffc1374546549a59d.jpg,dataset,ML-AR-TRANSITIONAL,D:\Real Estate\House_Style_Project\House_style_ML\dataset\ML-AR-TRANSITIONAL\13194a3e8c04e60ffc1374546549a59d.jpg
255af071adf20cc8c14388f3de71a0e2.jpg,dataset,ML-AR-TRANSITIONAL,D:\Real Estate\House_Style_Project\House_style_ML\dataset\ML-AR-TRANSITIONAL\255af071adf20cc8c14388f3de71a0e2.jpg
43a47ab1cbbbb32a92c999f4401ab92c.jpg,dataset,ML-AR-TRANSITIONAL,D:\Real Estate\House_Style_Project\House_style_ML\dataset\ML-AR-TRANSITIONAL\43a47ab1cbbbb32a92c999f4401ab92c.jpg
5057b5b8f44a57ec8ec151de66b215c3.jpg,dataset,ML-AR-TRANSITIONAL,D:\Real Estate\House_Style_Project\House_style_ML\dataset\ML-AR-TRANSITIONAL\5057b5b8f44a57ec8ec151de66b215c3.jpg
54c72494a849a323d0eb025ec058a09b.jpg,dataset,ML-AR-TRANSITIONAL,D:\Real Estate\House_Style_Project\House_style_ML\dataset\ML-AR-TRANSITIONAL\54c72494a849a323d0eb025ec058a09b.jpg
55d45f11befaa4b4d4c0767e353543b3.jpg,dataset,ML-AR-TRANSITIONAL,D:\Real Estate\House_Style_Project\House_style_ML\dataset\ML-AR-TRANSITIONAL\55d45f11befaa4b4d4c0767e353543b3.jpg
57ebc4c06dd4d17e7feef5aebec57e36.jpg,dataset,ML-AR-TRANSITIONAL,D:\Real Estate\House_Style_Project\House_style_ML\dataset\ML-AR-TRANSITIONAL\57ebc4c06dd4d17e7feef5aebec57e36.jpg
683ff61bfb3fbb2fdf6f2cba23e77452.jpg,dataset,ML-AR-TRANSITIONAL,D:\Real Estate\House_Style_Project\House_style_ML\dataset\ML-AR-TRANSITIONAL\683ff61bfb3fbb2fdf6f2cba23e77452.jpg
6a1458bd4fd837c282f7d1e46b98a2a6.jpg,dataset,ML-AR-TRANSITIONAL,D:\Real Estate\House_Style_Project\House_style_ML\dataset\ML-AR-TRANSITIONAL\6a1458bd4fd837c282f7d1e46b98a2a6.jpg
6f8c4be1c82dd3acf19e07852efda889.jpg,dataset,ML-AR-TRANSITIONAL,D:\Real Estate\House_Style_Project\House_style_ML\dataset\ML-AR-TRANSITIONAL\6f8c4be1c82dd3acf19e07852efda889.jpg
7f6882b18a4ede0b63498b870352e58d.jpg,dataset,ML-AR-TRANSITIONAL,D:\Real Estate\House_Style_Project\House_style_ML\dataset\ML-AR-TRANSITIONAL\7f6882b18a4ede0b63498b870352e58d.jpg
8593532bb40f54b9e3ed1d6aa302e177.jpg,dataset,ML-AR-TRANSITIONAL,D:\Real Estate\House_Style_Project\House_style_ML\dataset\ML-AR-TRANSITIONAL\8593532bb40f54b9e3ed1d6aa302e177.jpg
874f04b5867eb2b8e2de44fa6e98cfb6.jpg,dataset,ML-AR-TRANSITIONAL,D:\Real Estate\House_Style_Project\House_style_ML\dataset\ML-AR-TRANSITIONAL\874f04b5867eb2b8e2de44fa6e98cfb6.jpg
8ccfc00694995a414f43ababc31cfa0f.jpg,dataset,ML-AR-TRANSITIONAL,D:\Real Estate\House_Style_Project\House_style_ML\dataset\ML-AR-TRANSITIONAL\8ccfc00694995a414f43ababc31cfa0f.jpg
976011474dd7f9531f1d67b83012814b.jpg,dataset,ML-AR-TRANSITIONAL,D:\Real Estate\House_Style_Project\House_style_ML\dataset\ML-AR-TRANSITIONAL\976011474dd7f9531f1d67b83012814b.jpg
9a7342a18158a196380cc75e6b156fdd.jpg,dataset,ML-AR-TRANSITIONAL,D:\Real Estate\House_Style_Project\House_style_ML\dataset\ML-AR-TRANSITIONAL\9a7342a18158a196380cc75e6b156fdd.jpg
9de35abf167c43619db3a9b163eba4eb.jpg,dataset,ML-AR-TRANSITIONAL,D:\Real Estate\House_Style_Project\House_style_ML\dataset\ML-AR-TRANSITIONAL\9de35abf167c43619db3a9b163eba4eb.jpg
afb139f97f6cf1525cf39dbf7f38bb53.jpg,dataset,ML-AR-TRANSITIONAL,D:\Real Estate\House_Style_Project\House_style_ML\dataset\ML-AR-TRANSITIONAL\afb139f97f6cf1525cf39dbf7f38bb53.jpg
b779a8434ddc2b12fc871b9e9ff66756.jpg,dataset,ML-AR-TRANSITIONAL,D:\Real Estate\House_Style_Project\House_style_ML\dataset\ML-AR-TRANSITIONAL\b779a8434ddc2b12fc871b9e9ff66756.jpg
cde647635e7cea514761ca305eec65da.jpg,dataset,ML-AR-TRANSITIONAL,D:\Real Estate\House_Style_Project\House_style_ML\dataset\ML-AR-TRANSITIONAL\cde647635e7cea514761ca305eec65da.jpg
e24c2aa7347a5fa7cb6234f21b00c70a.jpg,dataset,ML-AR-TRANSITIONAL,D:\Real Estate\House_Style_Project\House_style_ML\dataset\ML-AR-TRANSITIONAL\e24c2aa7347a5fa7cb6234f21b00c70a.jpg
f178acb0e70717db0d167937c7b9d0a0.jpg,dataset,ML-AR-TRANSITIONAL,D:\Real Estate\House_Style_Project\House_style_ML\dataset\ML-AR-TRANSITIONAL\f178acb0e70717db0d167937c7b9d0a0.jpg
f32e8477e66236e217b6883fb4a73d15.jpg,dataset,ML-AR-TRANSITIONAL,D:\Real Estate\House_Style_Project\House_style_ML\dataset\ML-AR-TRANSITIONAL\f32e8477e66236e217b6883fb4a73d15.jpg
f8ab429be77f8f28b15b6de23c4f5682.jpg,dataset,ML-AR-TRANSITIONAL,D:\Real Estate\House_Style_Project\House_style_ML\dataset\ML-AR-TRANSITIONAL\f8ab429be77f8f28b15b6de23c4f5682.jpg
fce17cf5b14105306a93f2eb58593eb8.jpg,dataset,ML-AR-TRANSITIONAL,D:\Real Estate\House_Style_Project\House_style_ML\dataset\ML-AR-TRANSITIONAL\fce17cf5b14105306a93f2eb58593eb8.jpg
feca1bedb6b93bc57aa145c9320eaa2e.jpg,dataset,ML-AR-TRANSITIONAL,D:\Real Estate\House_Style_Project\House_style_ML\dataset\ML-AR-TRANSITIONAL\feca1bedb6b93bc57aa145c9320eaa2e.jpg
015620e2b8aa5a60d028ae1536684d87.jpg,dataset,ML-AR-TUDOR HOUSE,D:\Real Estate\House_Style_Project\House_style_ML\dataset\ML-AR-TUDOR HOUSE\015620e2b8aa5a60d028ae1536684d87.jpg
0394fed0d046819e959880fe2e9e777b.jpg,dataset,ML-AR-TUDOR HOUSE,D:\Real Estate\House_Style_Project\House_style_ML\dataset\ML-AR-TUDOR HOUSE\0394fed0d046819e959880fe2e9e777b.jpg
066ed247b3ff7352f7425b36e295fc36.jpg,dataset,ML-AR-TUDOR HOUSE,D:\Real Estate\House_Style_Project\House_style_ML\dataset\ML-AR-TUDOR HOUSE\066ed247b3ff7352f7425b36e295fc36.jpg
0c2f6b3d85a9ff128f755e19904e11c7.jpg,dataset,ML-AR-TUDOR HOUSE,D:\Real Estate\House_Style_Project\House_style_ML\dataset\ML-AR-TUDOR HOUSE\0c2f6b3d85a9ff128f755e19904e11c7.jpg
148f41d6408c153de51910b47a0d9369.jpg,dataset,ML-AR-TUDOR HOUSE,D:\Real Estate\House_Style_Project\House_style_ML\dataset\ML-AR-TUDOR HOUSE\148f41d6408c153de51910b47a0d9369.jpg
297407c1eb0cf57d50773664322962d3.jpg,dataset,ML-AR-TUDOR HOUSE,D:\Real Estate\House_Style_Project\House_style_ML\dataset\ML-AR-TUDOR HOUSE\297407c1eb0cf57d50773664322962d3.jpg
29fc569b533635904d69dd126dccb1e1.jpg,dataset,ML-AR-TUDOR HOUSE,D:\Real Estate\House_Style_Project\House_style_ML\dataset\ML-AR-TUDOR HOUSE\29fc569b533635904d69dd126dccb1e1.jpg
2a06915e8100bdb7b8e57b63bdd101d6.jpg,dataset,ML-AR-TUDOR HOUSE,D:\Real Estate\House_Style_Project\House_style_ML\dataset\ML-AR-TUDOR HOUSE\2a06915e8100bdb7b8e57b63bdd101d6.jpg
3095535b3a1bddb974f94fb839295e20.jpg,dataset,ML-AR-TUDOR HOUSE,D:\Real Estate\House_Style_Project\House_style_ML\dataset\ML-AR-TUDOR HOUSE\3095535b3a1bddb974f94fb839295e20.jpg
369e43bde9f088ba08620a4797a39e7c.jpg,dataset,ML-AR-TUDOR HOUSE,D:\Real Estate\House_Style_Project\House_style_ML\dataset\ML-AR-TUDOR HOUSE\369e43bde9f088ba08620a4797a39e7c.jpg
3922d1efa71a65125b996f3aa4de71d6.jpg,dataset,ML-AR-TUDOR HOUSE,D:\Real Estate\House_Style_Project\House_style_ML\dataset\ML-AR-TUDOR HOUSE\3922d1efa71a65125b996f3aa4de71d6.jpg
4427600b3774f3f8876256dbab1fd580.jpg,dataset,ML-AR-TUDOR HOUSE,D:\Real Estate\House_Style_Project\House_style_ML\dataset\ML-AR-TUDOR HOUSE\4427600b3774f3f8876256dbab1fd580.jpg
4469b3ee5e626f8345b258863d71df1e (1).jpg,dataset,ML-AR-TUDOR HOUSE,D:\Real Estate\House_Style_Project\House_style_ML\dataset\ML-AR-TUDOR HOUSE\4469b3ee5e626f8345b258863d71df1e (1).jpg
4469b3ee5e626f8345b258863d71df1e.jpg,dataset,ML-AR-TUDOR HOUSE,D:\Real Estate\House_Style_Project\House_style_ML\dataset\ML-AR-TUDOR HOUSE\4469b3ee5e626f8345b258863d71df1e.jpg
4a1d4436e9fa1d89c447f25ce89705ab.jpg,dataset,ML-AR-TUDOR HOUSE,D:\Real Estate\House_Style_Project\House_style_ML\dataset\ML-AR-TUDOR HOUSE\4a1d4436e9fa1d89c447f25ce89705ab.jpg
4ab42d884a3d2acd9495d95d46ff0fe9.jpg,dataset,ML-AR-TUDOR HOUSE,D:\Real Estate\House_Style_Project\House_style_ML\dataset\ML-AR-TUDOR HOUSE\4ab42d884a3d2acd9495d95d46ff0fe9.jpg
4d1bf7508de0408eb1a0123496ac7b19.jpg,dataset,ML-AR-TUDOR HOUSE,D:\Real Estate\House_Style_Project\House_style_ML\dataset\ML-AR-TUDOR HOUSE\4d1bf7508de0408eb1a0123496ac7b19.jpg
60d79c2332ee2b6861d5486680422971.jpg,dataset,ML-AR-TUDOR HOUSE,D:\Real Estate\House_Style_Project\House_style_ML\dataset\ML-AR-TUDOR HOUSE\60d79c2332ee2b6861d5486680422971.jpg
617c2e058c45f3551fb8edc2b3031a45 (1).jpg,dataset,ML-AR-TUDOR HOUSE,D:\Real Estate\House_Style_Project\House_style_ML\dataset\ML-AR-TUDOR HOUSE\617c2e058c45f3551fb8edc2b3031a45 (1).jpg
617c2e058c45f3551fb8edc2b3031a45.jpg,dataset,ML-AR-TUDOR HOUSE,D:\Real Estate\House_Style_Project\House_style_ML\dataset\ML-AR-TUDOR HOUSE\617c2e058c45f3551fb8edc2b3031a45.jpg
68b2642cc613f3d32afa71ae597062ee.jpg,dataset,ML-AR-TUDOR HOUSE,D:\Real Estate\House_Style_Project\House_style_ML\dataset\ML-AR-TUDOR HOUSE\68b2642cc613f3d32afa71ae597062ee.jpg
72f4be793ed40ca5ad1ea8be94f75f30.jpg,dataset,ML-AR-TUDOR HOUSE,D:\Real Estate\House_Style_Project\House_style_ML\dataset\ML-AR-TUDOR HOUSE\72f4be793ed40ca5ad1ea8be94f75f30.jpg
7bfcdc89368c96487bda7d867ee16aaa.jpg,dataset,ML-AR-TUDOR HOUSE,D:\Real Estate\House_Style_Project\House_style_ML\dataset\ML-AR-TUDOR HOUSE\7bfcdc89368c96487bda7d867ee16aaa.jpg
8c8806cbf5101920b9dfd9bb3cf3eac8.jpg,dataset,ML-AR-TUDOR HOUSE,D:\Real Estate\House_Style_Project\House_style_ML\dataset\ML-AR-TUDOR HOUSE\8c8806cbf5101920b9dfd9bb3cf3eac8.jpg
922ffd53a8ab6005b2d0a80cbc4e056e.jpg,dataset,ML-AR-TUDOR HOUSE,D:\Real Estate\House_Style_Project\House_style_ML\dataset\ML-AR-TUDOR HOUSE\922ffd53a8ab6005b2d0a80cbc4e056e.jpg
94182694e47cfd0c5077df8b02551fc7.jpg,dataset,ML-AR-TUDOR HOUSE,D:\Real Estate\House_Style_Project\House_style_ML\dataset\ML-AR-TUDOR HOUSE\94182694e47cfd0c5077df8b02551fc7.jpg
9dcdf16878468b4151d09fe7c1473ac7.jpg,dataset,ML-AR-TUDOR HOUSE,D:\Real Estate\House_Style_Project\House_style_ML\dataset\ML-AR-TUDOR HOUSE\9dcdf16878468b4151d09fe7c1473ac7.jpg
a59f936f930515175bf5a50a2390bae1.jpg,dataset,ML-AR-TUDOR HOUSE,D:\Real Estate\House_Style_Project\House_style_ML\dataset\ML-AR-TUDOR HOUSE\a59f936f930515175bf5a50a2390bae1.jpg
a725735ab300ec25c82085244bb9025b (1).jpg,dataset,ML-AR-TUDOR HOUSE,D:\Real Estate\House_Style_Project\House_style_ML\dataset\ML-AR-TUDOR HOUSE\a725735ab300ec25c82085244bb9025b (1).jpg
a725735ab300ec25c82085244bb9025b.jpg,dataset,ML-AR-TUDOR HOUSE,D:\Real Estate\House_Style_Project\House_style_ML\dataset\ML-AR-TUDOR HOUSE\a725735ab300ec25c82085244bb9025b.jpg
d33c57dc870359ff889730994a391e85.jpg,dataset,ML-AR-TUDOR HOUSE,D:\Real Estate\House_Style_Project\House_style_ML\dataset\ML-AR-TUDOR HOUSE\d33c57dc870359ff889730994a391e85.jpg
d831a0cf22bb3ee86a8d496b119c51c8.jpg,dataset,ML-AR-TUDOR HOUSE,D:\Real Estate\House_Style_Project\House_style_ML\dataset\ML-AR-TUDOR HOUSE\d831a0cf22bb3ee86a8d496b119c51c8.jpg
e7b776dafd7f67f8568e3bc4344ed419.jpg,dataset,ML-AR-TUDOR HOUSE,D:\Real Estate\House_Style_Project\House_style_ML\dataset\ML-AR-TUDOR HOUSE\e7b776dafd7f67f8568e3bc4344ed419.jpg
f7ae5280b0aa37af1b99a006903f20d6.jpg,dataset,ML-AR-TUDOR HOUSE,D:\Real Estate\House_Style_Project\House_style_ML\dataset\ML-AR-TUDOR HOUSE\f7ae5280b0aa37af1b99a006903f20d6.jpg
fc12177d15156b1faf9a18647fe1a451.jpg,dataset,ML-AR-TUDOR HOUSE,D:\Real Estate\House_Style_Project\House_style_ML\dataset\ML-AR-TUDOR HOUSE\fc12177d15156b1faf9a18647fe1a451.jpg
Tudor-Styled-Homes-and-Houses-18-683x1024.jpeg,dataset,ML-AR-TUDOR HOUSE,D:\Real Estate\House_Style_Project\House_style_ML\dataset\ML-AR-TUDOR HOUSE\Tudor-Styled-Homes-and-Houses-18-683x1024.jpeg
Tudor-Styled-Homes-and-Houses-20-683x1024.jpeg,dataset,ML-AR-TUDOR HOUSE,D:\Real Estate\House_Style_Project\House_style_ML\dataset\ML-AR-TUDOR HOUSE\Tudor-Styled-Homes-and-Houses-20-683x1024.jpeg
Tudor-Styled-Homes-and-Houses-23-683x1024.jpeg,dataset,ML-AR-TUDOR HOUSE,D:\Real Estate\House_Style_Project\House_style_ML\dataset\ML-AR-TUDOR HOUSE\Tudor-Styled-Homes-and-Houses-23-683x1024.jpeg
Tudor-Styled-Homes-and-Houses-25-683x1024.jpeg,dataset,ML-AR-TUDOR HOUSE,D:\Real Estate\House_Style_Project\House_style_ML\dataset\ML-AR-TUDOR HOUSE\Tudor-Styled-Homes-and-Houses-25-683x1024.jpeg
Tudor-Styled-Homes-and-Houses-27-683x1024.jpeg,dataset,ML-AR-TUDOR HOUSE,D:\Real Estate\House_Style_Project\House_style_ML\dataset\ML-AR-TUDOR HOUSE\Tudor-Styled-Homes-and-Houses-27-683x1024.jpeg
Tudor-Styled-Homes-and-Houses-28-683x1024.jpeg,dataset,ML-AR-TUDOR HOUSE,D:\Real Estate\House_Style_Project\House_style_ML\dataset\ML-AR-TUDOR HOUSE\Tudor-Styled-Homes-and-Houses-28-683x1024.jpeg
Tudor-Styled-Homes-and-Houses-32-683x1024.jpeg,dataset,ML-AR-TUDOR HOUSE,D:\Real Estate\House_Style_Project\House_style_ML\dataset\ML-AR-TUDOR HOUSE\Tudor-Styled-Homes-and-Houses-32-683x1024.jpeg
Tudor-Styled-Homes-and-Houses-36-683x1024.jpeg,dataset,ML-AR-TUDOR HOUSE,D:\Real Estate\House_Style_Project\House_style_ML\dataset\ML-AR-TUDOR HOUSE\Tudor-Styled-Homes-and-Houses-36-683x1024.jpeg
Tudor-Styled-Homes-and-Houses-38-683x1024.jpeg,dataset,ML-AR-TUDOR HOUSE,D:\Real Estate\House_Style_Project\House_style_ML\dataset\ML-AR-TUDOR HOUSE\Tudor-Styled-Homes-and-Houses-38-683x1024.jpeg
Tudor-Styled-Homes-and-Houses-42-683x1024.jpeg,dataset,ML-AR-TUDOR HOUSE,D:\Real Estate\House_Style_Project\House_style_ML\dataset\ML-AR-TUDOR HOUSE\Tudor-Styled-Homes-and-Houses-42-683x1024.jpeg
Tudor-Styled-Homes-and-Houses-45-683x1024.jpeg,dataset,ML-AR-TUDOR HOUSE,D:\Real Estate\House_Style_Project\House_style_ML\dataset\ML-AR-TUDOR HOUSE\Tudor-Styled-Homes-and-Houses-45-683x1024.jpeg
02807263888056f216734f2cc903aec5.jpg,dataset,ML-AR-VICTORIAN,D:\Real Estate\House_Style_Project\House_style_ML\dataset\ML-AR-VICTORIAN\02807263888056f216734f2cc903aec5.jpg
0743246b16948ea61c3d25d5ba3ee273.jpg,dataset,ML-AR-VICTORIAN,D:\Real Estate\House_Style_Project\House_style_ML\dataset\ML-AR-VICTORIAN\0743246b16948ea61c3d25d5ba3ee273.jpg
09ce400a884040fb14878009594e1a5f.jpg,dataset,ML-AR-VICTORIAN,D:\Real Estate\House_Style_Project\House_style_ML\dataset\ML-AR-VICTORIAN\09ce400a884040fb14878009594e1a5f.jpg
0b4467e81c25d91d8f8e61a6f65b504c.jpg,dataset,ML-AR-VICTORIAN,D:\Real Estate\House_Style_Project\House_style_ML\dataset\ML-AR-VICTORIAN\0b4467e81c25d91d8f8e61a6f65b504c.jpg
12384027ce506f9e00f2c14d76ff4b0d.jpg,dataset,ML-AR-VICTORIAN,D:\Real Estate\House_Style_Project\House_style_ML\dataset\ML-AR-VICTORIAN\12384027ce506f9e00f2c14d76ff4b0d.jpg
150ae97615a2cca081f696d38cd53766.jpg,dataset,ML-AR-VICTORIAN,D:\Real Estate\House_Style_Project\House_style_ML\dataset\ML-AR-VICTORIAN\150ae97615a2cca081f696d38cd53766.jpg
1647ce2cd108caa9477a86c10bb80b43.jpg,dataset,ML-AR-VICTORIAN,D:\Real Estate\House_Style_Project\House_style_ML\dataset\ML-AR-VICTORIAN\1647ce2cd108caa9477a86c10bb80b43.jpg
175c2546e1cc24a6195f4dc87fc71c32.jpg,dataset,ML-AR-VICTORIAN,D:\Real Estate\House_Style_Project\House_style_ML\dataset\ML-AR-VICTORIAN\175c2546e1cc24a6195f4dc87fc71c32.jpg
26df89b686acc209dbc5ce6c01485d54.jpg,dataset,ML-AR-VICTORIAN,D:\Real Estate\House_Style_Project\House_style_ML\dataset\ML-AR-VICTORIAN\26df89b686acc209dbc5ce6c01485d54.jpg
4a5debbc84fc4bd615a8cc42553e2175.jpg,dataset,ML-AR-VICTORIAN,D:\Real Estate\House_Style_Project\House_style_ML\dataset\ML-AR-VICTORIAN\4a5debbc84fc4bd615a8cc42553e2175.jpg
5c3d7b72f5017b795dc0a3e29ecc9108.jpg,dataset,ML-AR-VICTORIAN,D:\Real Estate\House_Style_Project\House_style_ML\dataset\ML-AR-VICTORIAN\5c3d7b72f5017b795dc0a3e29ecc9108.jpg
76b7add5cec3448442ee9d8d99ddf581.jpg,dataset,ML-AR-VICTORIAN,D:\Real Estate\House_Style_Project\House_style_ML\dataset\ML-AR-VICTORIAN\76b7add5cec3448442ee9d8d99ddf581.jpg
789ea2204273e602c77ee802fff24c88.jpg,dataset,ML-AR-VICTORIAN,D:\Real Estate\House_Style_Project\House_style_ML\dataset\ML-AR-VICTORIAN\789ea2204273e602c77ee802fff24c88.jpg
795d481abb943bb0da94b1233a5c875d.jpg,dataset,ML-AR-VICTORIAN,D:\Real Estate\House_Style_Project\House_style_ML\dataset\ML-AR-VICTORIAN\795d481abb943bb0da94b1233a5c875d.jpg
83fc56e1f7901bee9a1530c453339b33.jpg,dataset,ML-AR-VICTORIAN,D:\Real Estate\House_Style_Project\House_style_ML\dataset\ML-AR-VICTORIAN\83fc56e1f7901bee9a1530c453339b33.jpg
8476b65224ae81c18e6cc8b6550a619b.jpg,dataset,ML-AR-VICTORIAN,D:\Real Estate\House_Style_Project\House_style_ML\dataset\ML-AR-VICTORIAN\8476b65224ae81c18e6cc8b6550a619b.jpg
8519b9cb9c7b61f2f1fd803534dcbf5b.jpg,dataset,ML-AR-VICTORIAN,D:\Real Estate\House_Style_Project\House_style_ML\dataset\ML-AR-VICTORIAN\8519b9cb9c7b61f2f1fd803534dcbf5b.jpg
8ea05e3979f9eadb4e8ac73f6e26fb6f.jpg,dataset,ML-AR-VICTORIAN,D:\Real Estate\House_Style_Project\House_style_ML\dataset\ML-AR-VICTORIAN\8ea05e3979f9eadb4e8ac73f6e26fb6f.jpg
8f3ec88e456d0d11483329853944760d.jpg,dataset,ML-AR-VICTORIAN,D:\Real Estate\House_Style_Project\House_style_ML\dataset\ML-AR-VICTORIAN\8f3ec88e456d0d11483329853944760d.jpg
96b1fda89270e7c1ac98c703c1d2c1c0.jpg,dataset,ML-AR-VICTORIAN,D:\Real Estate\House_Style_Project\House_style_ML\dataset\ML-AR-VICTORIAN\96b1fda89270e7c1ac98c703c1d2c1c0.jpg
97cd9fe447d92d916ec405dfbf62c9da.jpg,dataset,ML-AR-VICTORIAN,D:\Real Estate\House_Style_Project\House_style_ML\dataset\ML-AR-VICTORIAN\97cd9fe447d92d916ec405dfbf62c9da.jpg
a4ea33b6738ca50c03497315dd359389.jpg,dataset,ML-AR-VICTORIAN,D:\Real Estate\House_Style_Project\House_style_ML\dataset\ML-AR-VICTORIAN\a4ea33b6738ca50c03497315dd359389.jpg
abda2d48fedbf3bc992062570731878f.jpg,dataset,ML-AR-VICTORIAN,D:\Real Estate\House_Style_Project\House_style_ML\dataset\ML-AR-VICTORIAN\abda2d48fedbf3bc992062570731878f.jpg
ba8822afaf8ad83cbf20f6cc67019c3c.jpg,dataset,ML-AR-VICTORIAN,D:\Real Estate\House_Style_Project\House_style_ML\dataset\ML-AR-VICTORIAN\ba8822afaf8ad83cbf20f6cc67019c3c.jpg
bf01def8807bac91c394cae1614c6236.jpg,dataset,ML-AR-VICTORIAN,D:\Real Estate\House_Style_Project\House_style_ML\dataset\ML-AR-VICTORIAN\bf01def8807bac91c394cae1614c6236.jpg
cf25a433b50392a0981b2aa5e31b2254.jpg,dataset,ML-AR-VICTORIAN,D:\Real Estate\House_Style_Project\House_style_ML\dataset\ML-AR-VICTORIAN\cf25a433b50392a0981b2aa5e31b2254.jpg
f313d68136172158132ce007859c8142.jpg,dataset,ML-AR-VICTORIAN,D:\Real Estate\House_Style_Project\House_style_ML\dataset\ML-AR-VICTORIAN\f313d68136172158132ce007859c8142.jpg
f54dbf22558a91095a372a386cde3116.jpg,dataset,ML-AR-VICTORIAN,D:\Real Estate\House_Style_Project\House_style_ML\dataset\ML-AR-VICTORIAN\f54dbf22558a91095a372a386cde3116.jpg
f5656666ef58ed922bd414b24485f1dd.jpg,dataset,ML-AR-VICTORIAN,D:\Real Estate\House_Style_Project\House_style_ML\dataset\ML-AR-VICTORIAN\f5656666ef58ed922bd414b24485f1dd.jpg
